order_item_id,order_id,book_id,quantity,unit_price
1,177,56,4,45.23
2,895,469,2,65.63
3,879,297,1,52.53
4,1033,459,5,79.01
5,484,669,5,45.82
6,922,551,5,76.02
7,650,222,4,59.7
8,969,54,1,15.52
9,328,286,5,26.16
10,436,900,1,33.73
11,884,759,3,41.11
12,730,693,5,56.36
13,1069,151,3,54.52
14,506,450,5,25.62
15,30,277,4,77.47
16,6,300,1,37.88
17,989,644,5,40.46
18,412,399,3,79.42
19,140,822,5,58.31
20,916,383,4,61.32
21,366,443,5,24.79
22,286,776,1,78.32
23,452,685,2,70.58
24,962,214,3,35.32
25,1017,121,2,75.11
26,746,399,4,79.42
27,379,75,2,67.84
28,511,5,1,70.6
29,700,469,5,65.63
30,715,807,5,71.81
31,236,377,2,38.69
32,291,723,3,12.32
33,372,349,4,56.09
34,780,21,1,12.76
35,2,897,3,23.81
36,1006,831,5,51.13
37,436,418,5,43.01
38,95,715,2,65.18
39,64,208,3,70.08
40,150,841,2,77.83
41,831,347,2,54.79
42,257,603,5,24.44
43,662,445,5,63.03
44,547,632,5,78.07
45,909,887,4,72.49
46,57,755,4,29.01
47,90,437,1,67.67
48,51,511,3,29.33
49,773,102,3,74.48
50,491,254,4,55.66
51,65,53,3,30.88
52,163,748,4,67.2
53,633,291,2,17.24
54,794,574,4,49.62
55,169,677,4,10.96
56,489,516,4,65.21
57,895,191,1,11.78
58,733,490,4,76.04
59,617,853,1,47.15
60,666,262,3,58.3
61,1028,448,4,55.45
62,250,537,2,59.5
63,595,779,5,34.62
64,1023,315,1,78.59
65,562,175,4,70.16
66,1037,371,2,77.82
67,131,257,1,70.18
68,1031,513,4,23.04
69,355,429,2,75.47
70,529,703,5,59.53
71,353,85,2,33.52
72,280,210,2,61.57
73,1074,861,2,34.85
74,252,322,5,11.09
75,49,15,4,58.0
76,252,217,2,73.92
77,14,297,3,52.53
78,1048,265,3,29.2
79,860,465,4,12.19
80,146,373,3,38.64
81,227,752,4,52.35
82,778,400,1,18.75
83,608,324,4,33.48
84,473,591,1,36.27
85,203,412,3,25.2
86,759,451,4,42.97
87,1007,806,4,75.9
88,819,382,4,14.25
89,887,395,4,29.0
90,516,493,4,41.46
91,96,576,3,38.98
92,258,9,5,68.75
93,701,871,2,12.13
94,893,319,3,65.35
95,657,190,1,34.03
96,1006,373,1,38.64
97,589,587,5,66.45
98,1064,507,5,48.21
99,276,608,5,17.56
100,1027,500,2,51.42
101,959,370,3,62.57
102,565,146,2,22.14
103,11,442,1,73.96
104,741,709,1,53.59
105,849,622,2,48.08
106,1099,479,2,45.99
107,1078,443,3,24.79
108,72,64,4,38.73
109,981,144,3,54.64
110,850,882,4,71.17
111,415,599,1,43.82
112,504,167,1,21.41
113,527,254,1,55.66
114,398,92,5,26.49
115,389,581,2,78.8
116,496,841,1,77.83
117,162,112,1,41.96
118,1042,270,1,23.49
119,821,363,3,77.17
120,1028,545,3,46.55
121,703,536,4,52.72
122,655,381,2,66.75
123,593,365,2,80.0
124,805,107,3,17.15
125,154,284,2,39.48
126,844,624,4,20.31
127,519,355,4,77.19
128,1072,217,3,73.92
129,150,464,5,42.9
130,410,666,5,35.5
131,935,730,1,64.41
132,495,337,3,46.01
133,814,435,5,53.45
134,885,898,2,76.39
135,417,828,5,62.09
136,728,728,5,52.26
137,896,681,3,42.13
138,140,476,5,40.97
139,289,335,4,67.13
140,95,710,1,23.81
141,228,794,4,28.37
142,265,271,4,33.45
143,628,650,4,35.19
144,863,721,2,52.55
145,402,403,5,62.74
146,582,141,4,25.85
147,1076,881,3,75.36
148,240,497,5,32.32
149,938,196,4,34.15
150,986,579,5,74.02
151,100,93,1,74.83
152,269,671,4,52.49
153,158,622,1,48.08
154,641,877,2,45.58
155,19,193,5,49.42
156,931,163,1,10.71
157,264,128,3,79.55
158,155,586,1,62.69
159,562,361,4,50.36
160,352,847,3,11.54
161,555,428,2,51.47
162,309,37,1,28.83
163,801,345,4,59.39
164,836,223,2,25.0
165,435,695,3,48.02
166,75,535,2,10.55
167,590,194,2,18.03
168,785,132,3,16.38
169,493,690,5,65.33
170,188,284,1,39.48
171,482,55,4,12.44
172,643,321,5,29.04
173,1080,859,3,20.17
174,135,689,3,40.83
175,327,63,2,46.27
176,580,542,3,49.38
177,389,772,3,10.51
178,101,500,3,51.42
179,756,15,5,58.0
180,435,756,2,36.79
181,378,528,1,13.84
182,954,26,2,20.62
183,543,277,1,77.47
184,620,807,2,71.81
185,177,25,5,40.98
186,25,480,4,75.76
187,198,686,5,47.71
188,357,242,3,16.46
189,495,133,4,21.15
190,973,645,2,19.0
191,1003,447,3,10.82
192,703,264,4,64.69
193,815,67,4,67.87
194,261,455,3,33.45
195,975,231,3,21.39
196,657,318,5,17.95
197,219,296,4,71.42
198,200,185,4,41.49
199,833,439,1,24.29
200,696,700,2,20.78
201,445,818,5,63.29
202,262,622,3,48.08
203,368,474,1,12.34
204,285,71,3,12.79
205,121,658,1,28.99
206,426,261,2,52.32
207,512,584,1,32.13
208,895,162,4,37.37
209,677,517,2,49.41
210,590,832,4,78.02
211,970,194,2,18.03
212,144,852,2,73.7
213,89,227,4,18.15
214,230,706,5,58.25
215,225,152,4,34.11
216,710,614,2,56.47
217,743,323,4,74.96
218,180,295,2,17.14
219,173,809,1,42.32
220,864,690,2,65.33
221,364,35,4,10.84
222,667,613,1,52.88
223,94,4,3,40.63
224,515,195,4,72.83
225,515,898,2,76.39
226,804,274,3,48.53
227,515,216,2,59.52
228,857,603,1,24.44
229,518,151,2,54.52
230,16,647,1,60.61
231,950,645,2,19.0
232,339,453,4,49.17
233,1025,245,3,63.44
234,322,473,5,10.36
235,97,868,5,37.14
236,914,559,3,74.07
237,988,109,1,27.37
238,448,193,5,49.42
239,763,224,1,22.31
240,30,45,5,60.32
241,89,62,4,73.1
242,434,650,2,35.19
243,701,527,4,77.42
244,975,457,3,34.67
245,581,413,3,47.3
246,847,124,4,59.34
247,340,567,3,13.43
248,948,670,1,35.64
249,495,297,3,52.53
250,863,654,2,25.39
251,452,189,3,34.74
252,776,363,4,77.17
253,1083,292,1,35.89
254,685,304,4,32.03
255,412,341,1,55.93
256,954,321,4,29.04
257,418,322,1,11.09
258,1055,376,1,68.03
259,1024,406,5,29.02
260,792,368,5,54.28
261,740,594,4,18.47
262,671,809,4,42.32
263,26,43,2,55.39
264,449,459,3,79.01
265,315,187,5,52.57
266,810,755,3,29.01
267,1057,263,2,17.57
268,181,9,5,68.75
269,328,189,2,34.74
270,668,95,3,32.98
271,694,362,4,61.2
272,755,860,2,40.56
273,929,657,2,75.2
274,471,497,4,32.32
275,847,47,3,26.68
276,144,292,2,35.89
277,880,315,2,78.59
278,118,190,5,34.03
279,967,48,5,65.26
280,159,226,4,30.32
281,318,184,5,42.09
282,293,125,1,12.91
283,411,371,2,77.82
284,638,688,2,21.55
285,313,171,5,68.82
286,757,34,1,57.79
287,626,582,4,56.56
288,273,571,3,59.1
289,53,472,4,78.58
290,673,203,5,14.2
291,112,559,4,74.07
292,436,676,3,32.5
293,1022,413,4,47.3
294,50,52,4,31.08
295,1036,160,3,65.21
296,622,409,4,78.84
297,804,387,5,58.67
298,633,705,5,53.81
299,455,442,1,73.96
300,634,216,5,59.52
301,837,518,2,65.15
302,730,747,1,24.39
303,1085,335,3,67.13
304,371,343,4,71.18
305,339,585,4,53.9
306,378,387,4,58.67
307,300,216,2,59.52
308,671,459,2,79.01
309,1000,251,3,15.27
310,846,554,5,47.94
311,340,485,1,44.36
312,554,479,2,45.99
313,395,800,2,69.85
314,519,654,3,25.39
315,882,427,4,28.86
316,216,48,3,65.26
317,206,306,5,26.16
318,792,90,5,33.15
319,99,388,5,31.31
320,811,173,5,54.53
321,791,776,5,78.32
322,1069,483,5,30.48
323,347,279,3,47.99
324,522,20,2,44.01
325,738,86,5,66.04
326,875,637,3,54.76
327,855,820,1,25.96
328,471,684,3,19.75
329,560,49,5,64.84
330,467,713,2,42.29
331,208,558,2,45.56
332,57,125,4,12.91
333,391,275,4,32.15
334,862,600,1,35.87
335,277,661,2,67.31
336,1012,506,5,45.31
337,508,647,5,60.61
338,5,94,2,78.86
339,328,819,1,61.15
340,158,395,2,29.0
341,197,514,3,78.95
342,370,32,1,34.36
343,314,247,5,15.36
344,204,373,2,38.64
345,443,75,2,67.84
346,497,834,4,67.74
347,445,696,1,24.17
348,597,787,1,23.76
349,364,82,2,48.34
350,994,47,2,26.68
351,501,126,5,37.31
352,874,496,2,34.83
353,72,854,1,35.12
354,375,638,3,14.73
355,38,869,2,63.35
356,201,680,4,42.19
357,996,651,3,64.4
358,817,590,1,42.86
359,16,716,1,68.34
360,216,672,5,78.43
361,163,475,4,46.36
362,702,864,2,56.3
363,357,302,3,16.27
364,1085,245,3,63.44
365,448,803,5,38.24
366,986,117,3,15.43
367,149,321,3,29.04
368,1010,312,4,65.85
369,237,117,4,15.43
370,120,733,5,25.69
371,927,12,2,23.36
372,989,145,5,35.78
373,382,34,3,57.79
374,110,48,5,65.26
375,487,673,5,44.37
376,20,882,5,71.17
377,414,290,5,35.08
378,234,184,2,42.09
379,344,116,4,47.77
380,26,26,3,20.62
381,440,183,3,68.64
382,156,560,2,25.48
383,285,700,3,20.78
384,383,729,4,46.72
385,788,165,3,44.96
386,303,672,1,78.43
387,336,91,2,28.06
388,229,102,4,74.48
389,958,578,3,25.43
390,595,170,5,57.42
391,441,172,4,29.22
392,1012,696,1,24.17
393,208,768,1,32.04
394,822,457,5,34.67
395,227,116,4,47.77
396,960,814,5,50.51
397,843,755,2,29.01
398,15,184,3,42.09
399,197,342,2,61.64
400,1039,407,3,18.55
401,347,443,4,24.79
402,479,799,1,76.25
403,350,176,1,12.03
404,613,86,4,66.04
405,693,214,1,35.32
406,580,690,1,65.33
407,740,811,2,58.99
408,159,623,5,20.4
409,576,799,1,76.25
410,125,681,3,42.13
411,57,459,3,79.01
412,655,3,5,60.37
413,532,514,3,78.95
414,336,561,3,52.0
415,846,502,4,75.12
416,128,239,4,40.17
417,1033,257,4,70.18
418,926,625,4,53.59
419,102,752,1,52.35
420,466,25,4,40.98
421,805,280,3,44.23
422,83,348,5,47.44
423,476,330,3,10.54
424,16,87,4,41.22
425,335,453,2,49.17
426,931,657,5,75.2
427,907,249,2,34.27
428,384,579,1,74.02
429,242,868,5,37.14
430,484,134,1,76.13
431,740,111,1,38.97
432,323,65,2,48.77
433,524,29,4,57.34
434,401,871,4,12.13
435,1094,32,1,34.36
436,81,373,1,38.64
437,367,311,1,77.61
438,822,323,1,74.96
439,136,691,4,69.53
440,560,877,4,45.58
441,160,737,1,18.27
442,944,51,4,32.42
443,557,554,3,47.94
444,901,581,4,78.8
445,1045,570,4,27.86
446,400,646,1,32.47
447,335,805,3,15.96
448,115,459,5,79.01
449,52,316,3,12.06
450,165,253,5,77.18
451,1068,124,5,59.34
452,128,128,1,79.55
453,562,841,3,77.83
454,834,512,4,56.0
455,952,450,4,25.62
456,146,599,3,43.82
457,265,275,5,32.15
458,818,756,1,36.79
459,198,496,1,34.83
460,314,810,1,51.18
461,922,433,3,60.95
462,679,77,4,52.68
463,956,777,1,74.32
464,265,157,2,72.47
465,9,258,3,37.93
466,472,313,4,56.07
467,1034,895,2,31.08
468,902,472,2,78.58
469,661,883,2,18.22
470,305,61,5,78.18
471,724,652,5,16.67
472,374,545,3,46.55
473,1074,578,5,25.43
474,972,803,2,38.24
475,739,726,5,62.46
476,1022,179,4,34.91
477,352,635,5,63.0
478,390,221,3,61.87
479,968,701,1,12.04
480,335,717,3,27.98
481,62,836,5,35.31
482,498,590,5,42.86
483,822,682,4,38.78
484,401,732,5,52.2
485,1083,316,4,12.06
486,587,547,3,37.21
487,546,139,4,60.57
488,509,600,5,35.87
489,477,327,4,33.05
490,711,135,2,18.87
491,159,567,5,13.43
492,853,678,4,18.24
493,830,171,2,68.82
494,970,255,3,72.22
495,463,851,2,71.21
496,639,4,4,40.63
497,324,58,1,28.59
498,842,435,2,53.45
499,504,277,1,77.47
500,239,269,2,71.72
501,189,384,4,21.5
502,402,262,3,58.3
503,363,895,4,31.08
504,434,411,2,23.59
505,1082,570,4,27.86
506,373,223,2,25.0
507,747,471,1,41.64
508,581,283,3,40.73
509,746,372,1,50.02
510,628,209,3,61.65
511,595,151,1,54.52
512,159,108,4,19.14
513,696,272,5,23.06
514,543,301,5,62.71
515,681,490,3,76.04
516,342,784,1,74.72
517,1089,736,3,78.45
518,368,877,3,45.58
519,776,244,5,17.84
520,225,376,1,68.03
521,331,640,1,33.18
522,252,418,3,43.01
523,1006,658,5,28.99
524,356,258,4,37.93
525,591,183,5,68.64
526,1027,453,2,49.17
527,519,452,2,57.5
528,662,220,5,16.09
529,1082,508,3,39.37
530,243,369,2,33.4
531,5,63,4,46.27
532,648,829,1,68.0
533,535,378,1,19.35
534,1084,226,3,30.32
535,984,583,2,35.14
536,481,50,3,47.35
537,954,833,5,72.12
538,352,267,3,25.08
539,403,79,1,47.79
540,1031,94,2,78.86
541,515,415,3,19.79
542,489,761,4,78.07
543,1096,656,4,34.88
544,345,316,2,12.06
545,98,838,1,53.57
546,551,648,4,43.08
547,28,436,4,12.11
548,798,117,1,15.43
549,774,829,5,68.0
550,847,249,4,34.27
551,634,622,1,48.08
552,302,819,1,61.15
553,1063,503,5,27.58
554,76,396,3,10.24
555,19,435,1,53.45
556,546,449,1,63.72
557,717,596,1,10.55
558,210,111,2,38.97
559,653,3,2,60.37
560,392,84,4,40.08
561,91,2,3,45.89
562,108,192,4,26.8
563,339,572,5,27.97
564,852,809,5,42.32
565,465,655,2,66.37
566,232,177,1,76.17
567,801,82,3,48.34
568,605,145,3,35.78
569,76,871,4,12.13
570,810,782,4,46.16
571,928,518,3,65.15
572,336,34,1,57.79
573,139,293,1,59.47
574,570,859,3,20.17
575,280,264,4,64.69
576,29,658,4,28.99
577,457,863,4,42.69
578,348,253,5,77.18
579,867,70,3,58.52
580,755,174,5,14.14
581,660,758,5,37.56
582,560,468,3,78.11
583,964,715,4,65.18
584,437,772,4,10.51
585,1032,175,5,70.16
586,471,30,3,48.87
587,644,511,4,29.33
588,961,676,5,32.5
589,1095,869,2,63.35
590,799,455,4,33.45
591,33,481,3,65.65
592,205,42,3,36.85
593,448,620,3,25.57
594,1097,106,3,27.66
595,10,791,3,53.98
596,471,584,1,32.13
597,485,350,4,56.17
598,53,896,2,20.33
599,1087,365,5,80.0
600,840,634,4,76.52
601,872,734,1,52.92
602,859,217,3,73.92
603,630,693,4,56.36
604,805,18,4,46.56
605,669,866,1,18.68
606,352,90,1,33.15
607,182,513,3,23.04
608,266,399,2,79.42
609,281,389,3,22.32
610,586,107,5,17.15
611,48,898,2,76.39
612,569,354,5,61.03
613,601,63,5,46.27
614,715,806,5,75.9
615,480,330,4,10.54
616,765,247,3,15.36
617,323,821,3,24.91
618,501,482,4,51.96
619,678,39,4,70.77
620,855,699,3,78.7
621,661,470,2,76.3
622,996,897,3,23.81
623,723,745,2,18.09
624,677,78,2,78.02
625,350,339,5,41.15
626,595,430,4,50.0
627,106,85,4,33.52
628,665,792,2,66.29
629,324,873,4,26.61
630,359,637,3,54.76
631,877,336,2,67.63
632,429,806,5,75.9
633,814,509,3,10.05
634,109,146,1,22.14
635,459,681,5,42.13
636,696,276,1,63.85
637,897,1,1,37.92
638,538,778,1,42.1
639,702,585,1,53.9
640,264,290,2,35.08
641,850,578,3,25.43
642,963,328,2,62.61
643,698,71,2,12.79
644,988,385,2,77.47
645,684,165,5,44.96
646,583,428,1,51.47
647,640,134,4,76.13
648,344,23,3,14.08
649,122,524,3,33.71
650,289,23,4,14.08
651,504,210,3,61.57
652,835,79,1,47.79
653,1080,614,4,56.47
654,1077,508,2,39.37
655,920,148,5,33.14
656,368,667,4,60.19
657,716,618,2,73.61
658,448,709,5,53.59
659,85,294,1,15.09
660,136,493,1,41.46
661,788,50,2,47.35
662,415,849,2,12.73
663,126,517,3,49.41
664,598,289,1,43.66
665,1084,666,3,35.5
666,512,430,4,50.0
667,112,681,2,42.13
668,33,646,5,32.47
669,408,90,2,33.15
670,966,567,5,13.43
671,99,749,2,33.82
672,137,33,5,21.44
673,493,426,4,55.2
674,847,511,4,29.33
675,950,466,2,56.35
676,853,351,4,71.97
677,774,319,3,65.35
678,714,306,3,26.16
679,120,214,3,35.32
680,1033,114,5,15.35
681,678,826,3,65.43
682,414,367,1,13.96
683,221,52,2,31.08
684,782,640,2,33.18
685,646,381,2,66.75
686,482,843,1,29.26
687,278,197,2,61.73
688,387,669,1,45.82
689,422,374,1,11.37
690,638,671,5,52.49
691,645,345,1,59.39
692,952,24,2,78.25
693,772,257,1,70.18
694,886,142,4,76.96
695,30,395,4,29.0
696,577,735,1,56.64
697,656,648,1,43.08
698,609,314,5,68.64
699,978,448,2,55.45
700,220,431,3,72.56
701,502,753,3,36.5
702,279,465,5,12.19
703,929,256,1,63.18
704,357,598,3,51.61
705,110,448,5,55.45
706,671,845,4,20.22
707,346,354,2,61.03
708,69,162,2,37.37
709,740,520,5,36.1
710,423,465,4,12.19
711,229,165,3,44.96
712,371,550,3,74.18
713,1087,785,5,39.89
714,174,606,5,46.47
715,615,851,5,71.21
716,734,85,4,33.52
717,684,640,5,33.18
718,138,768,5,32.04
719,566,322,4,11.09
720,601,306,4,26.16
721,515,786,3,12.61
722,296,244,5,17.84
723,13,31,3,22.36
724,149,380,2,62.45
725,621,894,2,41.27
726,1078,385,4,77.47
727,749,339,3,41.15
728,1012,10,1,79.96
729,1029,603,4,24.44
730,1000,614,3,56.47
731,93,128,3,79.55
732,770,463,1,40.48
733,468,434,4,44.26
734,294,777,3,74.32
735,92,761,2,78.07
736,1032,715,1,65.18
737,118,817,3,12.51
738,158,473,4,10.36
739,67,849,4,12.73
740,495,277,4,77.47
741,88,690,2,65.33
742,217,424,1,47.34
743,454,680,3,42.19
744,26,765,4,64.23
745,262,822,1,58.31
746,790,275,3,32.15
747,986,332,2,24.33
748,1000,354,3,61.03
749,367,735,5,56.64
750,413,891,2,56.13
751,819,502,5,75.12
752,694,93,3,74.83
753,107,434,4,44.26
754,1068,521,1,60.06
755,712,368,4,54.28
756,225,710,3,23.81
757,748,856,4,20.53
758,853,83,4,79.07
759,850,574,5,49.62
760,618,45,5,60.32
761,491,431,2,72.56
762,795,257,4,70.18
763,29,350,5,56.17
764,759,322,1,11.09
765,847,120,1,59.61
766,449,213,5,16.32
767,685,426,2,55.2
768,384,135,3,18.87
769,761,77,5,52.68
770,305,383,4,61.32
771,828,69,5,60.62
772,264,84,2,40.08
773,880,582,4,56.56
774,639,572,4,27.97
775,996,567,3,13.43
776,1077,494,5,74.57
777,1040,643,5,79.09
778,837,758,2,37.56
779,175,586,4,62.69
780,460,60,3,28.09
781,332,507,1,48.21
782,533,726,2,62.46
783,797,585,2,53.9
784,370,781,3,17.24
785,161,433,3,60.95
786,273,241,1,15.96
787,247,138,4,20.08
788,577,416,5,22.37
789,21,114,4,15.35
790,800,209,1,61.65
791,186,585,5,53.9
792,871,250,4,70.18
793,35,857,5,32.92
794,744,684,3,19.75
795,464,832,4,78.02
796,10,431,2,72.56
797,356,198,1,75.97
798,847,194,3,18.03
799,855,482,2,51.96
800,723,503,4,27.58
801,766,401,5,34.17
802,593,171,5,68.82
803,1067,317,1,38.45
804,4,819,3,61.15
805,18,859,1,20.17
806,445,876,2,65.99
807,961,209,1,61.65
808,447,771,2,70.68
809,632,786,5,12.61
810,357,727,4,53.29
811,624,886,4,11.19
812,424,767,3,29.1
813,261,700,2,20.78
814,700,860,4,40.56
815,166,119,5,36.37
816,1055,708,2,36.06
817,27,249,5,34.27
818,7,704,4,60.81
819,675,518,4,65.15
820,285,678,1,18.24
821,686,205,1,53.61
822,211,97,2,79.15
823,1030,781,1,17.24
824,956,497,5,32.32
825,62,829,2,68.0
826,802,435,4,53.45
827,806,235,4,57.33
828,623,492,2,23.4
829,1039,76,2,74.5
830,325,425,3,63.62
831,1056,287,3,38.02
832,21,198,2,75.97
833,1007,626,1,46.19
834,355,684,5,19.75
835,570,32,2,34.36
836,1005,370,2,62.57
837,707,649,2,68.94
838,221,676,2,32.5
839,319,728,3,52.26
840,703,130,4,26.98
841,676,425,4,63.62
842,201,597,3,46.55
843,98,833,2,72.12
844,112,379,4,23.22
845,1027,466,5,56.35
846,127,468,1,78.11
847,258,718,4,34.22
848,676,156,3,60.85
849,599,815,5,38.31
850,148,513,3,23.04
851,328,819,5,61.15
852,1035,244,5,17.84
853,1030,174,1,14.14
854,152,336,1,67.63
855,567,602,4,14.4
856,905,509,4,10.05
857,550,589,1,46.71
858,504,410,1,37.96
859,837,878,3,62.96
860,903,424,3,47.34
861,282,521,2,60.06
862,275,721,4,52.55
863,223,860,5,40.56
864,672,673,3,44.37
865,49,878,2,62.96
866,625,576,3,38.98
867,608,195,3,72.83
868,656,470,4,76.3
869,839,885,4,43.78
870,158,740,2,49.73
871,1098,865,4,51.42
872,703,641,3,35.59
873,34,796,1,79.71
874,186,715,3,65.18
875,710,738,4,22.68
876,909,528,2,13.84
877,291,214,5,35.32
878,747,775,5,27.34
879,386,393,1,57.39
880,240,594,3,18.47
881,179,158,4,30.52
882,63,426,4,55.2
883,218,576,3,38.98
884,471,420,1,24.53
885,1088,505,5,58.02
886,86,449,2,63.72
887,2,685,2,70.58
888,60,879,2,41.26
889,440,564,5,49.95
890,206,69,2,60.62
891,24,777,5,74.32
892,875,406,4,29.02
893,878,226,4,30.32
894,336,18,2,46.56
895,909,229,3,79.58
896,513,516,2,65.21
897,769,371,4,77.82
898,990,1,4,37.92
899,207,594,1,18.47
900,712,416,3,22.37
901,1005,825,3,70.68
902,397,604,4,29.15
903,1002,490,1,76.04
904,651,267,4,25.08
905,923,207,5,76.57
906,500,78,4,78.02
907,515,744,5,71.35
908,12,605,3,33.91
909,555,436,5,12.11
910,1091,508,2,39.37
911,103,774,3,50.62
912,1060,515,4,38.35
913,1094,128,1,79.55
914,330,339,2,41.15
915,194,140,5,79.58
916,361,433,4,60.95
917,262,324,3,33.48
918,1015,797,5,28.45
919,100,703,1,59.53
920,672,529,1,52.53
921,627,15,1,58.0
922,602,396,1,10.24
923,647,623,4,20.4
924,27,42,1,36.85
925,145,594,1,18.47
926,72,462,2,32.43
927,1064,519,3,46.48
928,528,402,4,26.91
929,475,646,3,32.47
930,1017,290,2,35.08
931,824,772,5,10.51
932,476,840,5,35.08
933,67,568,5,46.32
934,566,108,2,19.14
935,220,589,5,46.71
936,652,590,4,42.86
937,1020,70,5,58.52
938,449,147,1,55.1
939,412,14,3,57.93
940,602,129,5,71.84
941,519,671,2,52.49
942,735,646,1,32.47
943,213,89,5,79.52
944,86,202,3,44.4
945,615,881,1,75.36
946,602,171,5,68.82
947,579,65,2,48.77
948,643,579,4,74.02
949,75,747,2,24.39
950,286,253,5,77.18
951,917,696,4,24.17
952,959,399,4,79.42
953,75,648,4,43.08
954,339,862,5,22.93
955,656,858,1,70.06
956,414,800,3,69.85
957,35,664,2,24.42
958,964,564,2,49.95
959,1094,473,3,10.36
960,595,686,2,47.71
961,44,541,1,50.35
962,1046,202,4,44.4
963,490,165,5,44.96
964,419,649,5,68.94
965,917,723,1,12.32
966,370,395,4,29.0
967,497,523,2,62.44
968,10,484,1,17.52
969,714,317,5,38.45
970,164,565,3,77.68
971,241,228,2,16.04
972,216,80,4,10.34
973,1044,425,1,63.62
974,699,449,4,63.72
975,832,863,4,42.69
976,1011,74,5,10.61
977,280,722,5,69.47
978,277,782,1,46.16
979,467,61,2,78.18
980,1087,455,3,33.45
981,897,277,1,77.47
982,733,516,5,65.21
983,381,244,1,17.84
984,429,428,1,51.47
985,775,449,4,63.72
986,1086,494,1,74.57
987,348,273,5,68.69
988,967,679,2,65.83
989,775,332,3,24.33
990,954,66,2,67.3
991,830,289,5,43.66
992,849,489,3,63.97
993,745,98,3,36.38
994,648,235,4,57.33
995,730,784,2,74.72
996,728,455,3,33.45
997,609,695,5,48.02
998,1090,150,3,75.91
999,286,738,4,22.68
1000,100,725,1,77.69
1001,1067,375,1,73.74
1002,211,839,1,11.49
1003,645,754,4,68.05
1004,976,256,2,63.18
1005,706,77,3,52.68
1006,942,439,3,24.29
1007,862,507,1,48.21
1008,755,62,4,73.1
1009,1090,10,5,79.96
1010,415,517,2,49.41
1011,139,881,5,75.36
1012,458,266,4,23.85
1013,663,720,1,65.06
1014,364,778,4,42.1
1015,656,522,4,67.04
1016,106,255,3,72.22
1017,705,386,2,45.32
1018,494,875,2,34.27
1019,309,251,3,15.27
1020,737,142,3,76.96
1021,658,463,1,40.48
1022,695,79,3,47.79
1023,691,740,4,49.73
1024,1087,654,2,25.39
1025,825,197,5,61.73
1026,16,844,2,42.4
1027,341,276,2,63.85
1028,951,91,4,28.06
1029,226,682,5,38.78
1030,799,792,2,66.29
1031,1048,648,4,43.08
1032,948,754,3,68.05
1033,986,428,2,51.47
1034,442,648,4,43.08
1035,51,215,5,50.02
1036,706,668,3,47.15
1037,962,574,4,49.62
1038,380,424,5,47.34
1039,197,585,2,53.9
1040,252,816,5,67.31
1041,318,184,5,42.09
1042,575,93,2,74.83
1043,457,143,5,56.61
1044,2,888,4,68.25
1045,380,357,2,50.38
1046,514,889,1,72.75
1047,1028,370,3,62.57
1048,700,377,3,38.69
1049,132,864,5,56.3
1050,337,326,5,52.91
1051,1086,245,1,63.44
1052,536,785,1,39.89
1053,105,238,3,40.96
1054,824,231,1,21.39
1055,416,163,5,10.71
1056,309,442,4,73.96
1057,391,335,3,67.13
1058,19,316,4,12.06
1059,779,369,4,33.4
1060,206,437,5,67.67
1061,895,670,2,35.64
1062,190,200,2,31.93
1063,751,62,5,73.1
1064,856,177,5,76.17
1065,836,550,3,74.18
1066,791,300,2,37.88
1067,611,449,4,63.72
1068,104,702,5,49.01
1069,359,216,1,59.52
1070,349,872,3,27.87
1071,900,182,5,67.3
1072,593,405,4,46.05
1073,438,403,2,62.74
1074,160,407,2,18.55
1075,500,17,5,48.95
1076,602,397,1,33.37
1077,212,481,2,65.65
1078,808,156,5,60.85
1079,30,242,2,16.46
1080,830,320,5,67.14
1081,101,528,3,13.84
1082,1024,289,5,43.66
1083,166,647,1,60.61
1084,888,827,2,61.75
1085,521,874,2,75.29
1086,71,235,1,57.33
1087,126,731,1,52.39
1088,796,422,2,26.33
1089,769,442,2,73.96
1090,295,537,3,59.5
1091,744,858,3,70.06
1092,627,75,3,67.84
1093,6,547,3,37.21
1094,930,631,4,33.27
1095,312,167,5,21.41
1096,721,78,1,78.02
1097,4,524,3,33.71
1098,1080,438,1,40.01
1099,75,392,4,19.33
1100,90,758,1,37.56
1101,375,888,4,68.25
1102,13,304,4,32.03
1103,37,653,1,59.83
1104,906,269,5,71.72
1105,688,205,5,53.61
1106,217,843,4,29.26
1107,275,320,3,67.14
1108,149,25,4,40.98
1109,797,642,4,45.75
1110,590,328,4,62.61
1111,453,869,2,63.35
1112,156,441,3,52.23
1113,115,896,2,20.33
1114,561,157,2,72.47
1115,1075,586,2,62.69
1116,710,273,3,68.69
1117,29,472,1,78.58
1118,139,658,1,28.99
1119,951,775,2,27.34
1120,1057,384,1,21.5
1121,346,250,1,70.18
1122,709,655,1,66.37
1123,872,445,4,63.03
1124,194,259,5,34.18
1125,696,240,2,13.77
1126,408,795,1,54.37
1127,1024,783,1,50.7
1128,522,467,5,57.0
1129,649,366,3,57.23
1130,136,175,5,70.16
1131,340,300,5,37.88
1132,365,161,1,37.98
1133,369,520,5,36.1
1134,148,366,2,57.23
1135,98,522,5,67.04
1136,726,143,1,56.61
1137,903,894,4,41.27
1138,8,124,2,59.34
1139,855,622,4,48.08
1140,341,343,1,71.18
1141,671,778,1,42.1
1142,978,755,2,29.01
1143,279,286,5,26.16
1144,130,238,5,40.96
1145,605,245,1,63.44
1146,506,838,2,53.57
1147,749,47,2,26.68
1148,997,257,5,70.18
1149,814,834,2,67.74
1150,491,575,2,10.81
1151,1036,289,3,43.66
1152,97,777,2,74.32
1153,987,658,4,28.99
1154,727,264,2,64.69
1155,545,159,5,77.97
1156,730,756,5,36.79
1157,40,196,2,34.15
1158,54,536,4,52.72
1159,522,841,1,77.83
1160,589,570,4,27.86
1161,504,850,2,66.54
1162,96,528,3,13.84
1163,42,341,1,55.93
1164,558,688,5,21.55
1165,1015,677,1,10.96
1166,686,599,1,43.82
1167,646,121,5,75.11
1168,257,217,4,73.92
1169,1000,175,1,70.16
1170,122,630,1,53.16
1171,990,260,3,73.98
1172,527,482,5,51.96
1173,475,582,1,56.56
1174,147,483,1,30.48
1175,993,258,1,37.93
1176,61,206,3,11.8
1177,731,404,5,36.68
1178,1033,705,3,53.81
1179,1086,406,3,29.02
1180,997,773,2,23.91
1181,981,301,3,62.71
1182,775,415,4,19.79
1183,11,454,2,72.34
1184,449,404,4,36.68
1185,119,786,3,12.61
1186,963,270,1,23.49
1187,304,7,5,61.0
1188,217,557,1,22.75
1189,396,447,5,10.82
1190,432,514,2,78.95
1191,729,861,2,34.85
1192,1093,695,5,48.02
1193,578,5,3,70.6
1194,443,595,2,63.81
1195,748,120,4,59.61
1196,38,141,4,25.85
1197,673,495,4,78.37
1198,765,136,4,37.24
1199,858,575,3,10.81
1200,106,223,1,25.0
1201,876,202,4,44.4
1202,963,536,1,52.72
1203,942,323,2,74.96
1204,536,855,5,71.95
1205,138,255,3,72.22
1206,500,500,4,51.42
1207,549,161,5,37.98
1208,1056,236,5,20.79
1209,451,12,2,23.36
1210,733,247,5,15.36
1211,751,139,4,60.57
1212,86,535,5,10.55
1213,709,193,2,49.42
1214,959,243,3,43.54
1215,62,96,1,58.68
1216,521,635,5,63.0
1217,1002,856,3,20.53
1218,933,337,3,46.01
1219,1003,207,4,76.57
1220,949,38,3,55.78
1221,82,590,4,42.86
1222,940,547,1,37.21
1223,635,374,4,11.37
1224,689,589,4,46.71
1225,924,239,5,40.17
1226,789,97,1,79.15
1227,411,792,3,66.29
1228,44,352,4,41.94
1229,422,412,5,25.2
1230,198,53,5,30.88
1231,42,301,1,62.71
1232,1018,322,4,11.09
1233,570,220,1,16.09
1234,971,877,2,45.58
1235,214,702,5,49.01
1236,1037,468,4,78.11
1237,140,694,4,56.21
1238,207,397,3,33.37
1239,1037,474,2,12.34
1240,475,421,2,41.2
1241,632,782,1,46.16
1242,244,33,3,21.44
1243,680,451,5,42.97
1244,860,461,1,10.51
1245,298,395,3,29.0
1246,978,711,2,69.72
1247,137,567,2,13.43
1248,241,171,4,68.82
1249,1094,522,3,67.04
1250,338,265,5,29.2
1251,132,640,4,33.18
1252,53,654,5,25.39
1253,599,103,3,48.81
1254,686,897,3,23.81
1255,396,477,2,31.29
1256,127,724,3,52.69
1257,440,467,4,57.0
1258,417,127,5,31.71
1259,658,378,5,19.35
1260,827,506,1,45.31
1261,1010,842,1,51.81
1262,892,770,5,66.33
1263,524,262,5,58.3
1264,196,278,3,64.48
1265,5,5,1,70.6
1266,557,38,4,55.78
1267,757,421,1,41.2
1268,306,245,1,63.44
1269,105,745,4,18.09
1270,640,795,1,54.37
1271,911,788,5,28.51
1272,996,163,5,10.71
1273,842,537,2,59.5
1274,362,751,5,14.4
1275,1031,678,3,18.24
1276,626,158,4,30.52
1277,423,761,3,78.07
1278,530,603,4,24.44
1279,306,885,3,43.78
1280,236,817,5,12.51
1281,984,707,2,74.8
1282,842,418,3,43.01
1283,565,457,3,34.67
1284,1042,856,4,20.53
1285,499,683,4,10.26
1286,138,62,3,73.1
1287,385,602,2,14.4
1288,727,664,5,24.42
1289,113,816,4,67.31
1290,1015,471,1,41.64
1291,664,200,4,31.93
1292,5,787,1,23.76
1293,974,297,2,52.53
1294,42,264,1,64.69
1295,324,359,4,36.73
1296,121,48,3,65.26
1297,248,206,1,11.8
1298,838,699,4,78.7
1299,1013,477,3,31.29
1300,303,492,1,23.4
1301,897,114,2,15.35
1302,918,590,4,42.86
1303,211,450,4,25.62
1304,437,760,3,28.15
1305,19,421,3,41.2
1306,366,714,4,44.17
1307,323,584,5,32.13
1308,49,705,3,53.81
1309,432,525,5,10.81
1310,207,499,4,26.78
1311,946,408,2,43.75
1312,344,869,4,63.35
1313,71,148,3,33.14
1314,639,253,1,77.18
1315,812,656,2,34.88
1316,137,327,5,33.05
1317,633,432,3,35.87
1318,989,130,3,26.98
1319,858,56,3,45.23
1320,787,827,4,61.75
1321,1050,162,1,37.37
1322,419,447,5,10.82
1323,44,401,1,34.17
1324,656,728,3,52.26
1325,68,680,2,42.19
1326,805,67,2,67.87
1327,528,31,5,22.36
1328,966,232,1,48.92
1329,277,159,1,77.97
1330,885,394,4,21.21
1331,892,416,3,22.37
1332,587,672,1,78.43
1333,665,240,2,13.77
1334,569,161,1,37.98
1335,844,579,3,74.02
1336,454,343,2,71.18
1337,342,513,4,23.04
1338,151,478,5,53.96
1339,25,375,5,73.74
1340,139,246,5,51.47
1341,66,341,4,55.93
1342,460,192,1,26.8
1343,458,388,4,31.31
1344,789,304,3,32.03
1345,681,853,3,47.15
1346,274,419,1,58.5
1347,646,123,1,15.32
1348,903,12,3,23.36
1349,749,510,1,24.84
1350,746,161,5,37.98
1351,765,37,5,28.83
1352,817,545,4,46.55
1353,547,297,1,52.53
1354,260,791,2,53.98
1355,704,690,5,65.33
1356,889,672,2,78.43
1357,652,575,4,10.81
1358,309,896,4,20.33
1359,505,322,4,11.09
1360,52,36,4,35.51
1361,384,343,3,71.18
1362,129,375,1,73.74
1363,989,820,5,25.96
1364,915,712,3,50.33
1365,155,887,5,72.49
1366,412,487,5,73.99
1367,513,603,3,24.44
1368,447,69,2,60.62
1369,931,822,2,58.31
1370,548,784,3,74.72
1371,685,543,1,13.65
1372,136,640,4,33.18
1373,867,705,2,53.81
1374,230,203,3,14.2
1375,854,782,1,46.16
1376,813,284,4,39.48
1377,158,328,2,62.61
1378,884,789,3,64.78
1379,509,155,2,33.64
1380,262,868,3,37.14
1381,921,41,5,68.2
1382,195,3,1,60.37
1383,553,541,1,50.35
1384,344,597,4,46.55
1385,149,631,5,33.27
1386,1097,280,1,44.23
1387,515,253,4,77.18
1388,619,568,1,46.32
1389,279,412,5,25.2
1390,226,500,5,51.42
1391,512,9,1,68.75
1392,1068,873,1,26.61
1393,663,528,5,13.84
1394,25,338,5,76.89
1395,86,560,1,25.48
1396,549,17,2,48.95
1397,444,290,1,35.08
1398,697,35,5,10.84
1399,231,712,1,50.33
1400,695,386,2,45.32
1401,699,657,5,75.2
1402,885,830,5,48.56
1403,78,650,2,35.19
1404,217,797,2,28.45
1405,141,100,4,30.04
1406,850,583,3,35.14
1407,857,23,2,14.08
1408,154,165,3,44.96
1409,881,459,4,79.01
1410,529,148,5,33.14
1411,236,153,3,59.64
1412,1073,885,2,43.78
1413,813,796,2,79.71
1414,106,469,3,65.63
1415,1043,844,5,42.4
1416,540,599,3,43.82
1417,154,868,2,37.14
1418,797,5,5,70.6
1419,305,1,2,37.92
1420,459,81,3,75.48
1421,887,379,4,23.22
1422,725,508,1,39.37
1423,860,401,3,34.17
1424,1006,872,5,27.87
1425,198,217,1,73.92
1426,585,589,5,46.71
1427,708,870,1,50.96
1428,621,241,5,15.96
1429,812,298,1,33.92
1430,815,278,3,64.48
1431,81,542,4,49.38
1432,296,897,5,23.81
1433,662,195,2,72.83
1434,261,868,2,37.14
1435,48,484,2,17.52
1436,556,745,5,18.09
1437,1002,395,3,29.0
1438,193,191,4,11.78
1439,203,223,5,25.0
1440,746,835,3,53.75
1441,1004,258,3,37.93
1442,813,122,5,57.65
1443,28,705,3,53.81
1444,1033,205,5,53.61
1445,503,320,1,67.14
1446,1062,225,3,39.12
1447,556,649,3,68.94
1448,289,692,4,51.04
1449,1055,544,3,15.11
1450,1045,128,5,79.55
1451,353,16,4,15.93
1452,785,382,4,14.25
1453,402,183,3,68.64
1454,850,830,2,48.56
1455,939,447,2,10.82
1456,285,246,4,51.47
1457,484,85,2,33.52
1458,963,349,2,56.09
1459,521,126,5,37.31
1460,422,628,5,36.8
1461,706,348,4,47.44
1462,68,165,2,44.96
1463,1053,19,1,10.08
1464,931,510,1,24.84
1465,55,431,2,72.56
1466,607,372,1,50.02
1467,274,767,4,29.1
1468,587,274,4,48.53
1469,458,796,3,79.71
1470,438,285,1,61.66
1471,578,714,2,44.17
1472,150,32,2,34.36
1473,382,245,1,63.44
1474,1083,442,4,73.96
1475,960,878,5,62.96
1476,103,435,4,53.45
1477,997,763,3,73.5
1478,964,494,2,74.57
1479,106,730,1,64.41
1480,163,678,1,18.24
1481,605,2,5,45.89
1482,472,522,3,67.04
1483,506,760,4,28.15
1484,356,404,1,36.68
1485,174,658,5,28.99
1486,916,481,4,65.65
1487,709,660,2,66.75
1488,386,888,3,68.25
1489,292,137,3,56.44
1490,434,606,2,46.47
1491,266,138,3,20.08
1492,263,369,4,33.4
1493,977,462,2,32.43
1494,934,468,3,78.11
1495,742,457,3,34.67
1496,99,169,1,10.74
1497,1068,539,3,15.86
1498,383,96,1,58.68
1499,578,539,3,15.86
1500,885,36,2,35.51
1501,776,195,5,72.83
1502,472,597,4,46.55
1503,1095,501,5,66.16
1504,1036,895,3,31.08
1505,362,831,1,51.13
1506,585,474,3,12.34
1507,506,378,5,19.35
1508,638,458,4,40.92
1509,115,393,5,57.39
1510,501,699,5,78.7
1511,364,539,3,15.86
1512,495,134,1,76.13
1513,308,325,3,51.57
1514,835,84,4,40.08
1515,972,607,3,52.01
1516,843,765,4,64.23
1517,927,538,1,44.33
1518,1065,780,5,66.76
1519,1059,807,4,71.81
1520,441,735,4,56.64
1521,161,895,2,31.08
1522,667,634,3,76.52
1523,672,805,5,15.96
1524,277,722,1,69.47
1525,236,730,5,64.41
1526,687,767,4,29.1
1527,355,236,3,20.79
1528,106,90,5,33.15
1529,576,472,2,78.58
1530,1013,500,5,51.42
1531,866,141,4,25.85
1532,403,518,5,65.15
1533,777,851,3,71.21
1534,599,785,5,39.89
1535,1011,696,4,24.17
1536,176,725,4,77.69
1537,315,830,2,48.56
1538,42,46,5,75.88
1539,253,24,1,78.25
1540,200,761,3,78.07
1541,365,517,4,49.41
1542,853,611,1,16.14
1543,810,187,3,52.57
1544,176,330,4,10.54
1545,663,601,3,44.38
1546,221,260,5,73.98
1547,88,579,4,74.02
1548,912,101,1,26.97
1549,1048,9,1,68.75
1550,544,647,3,60.61
1551,1055,712,4,50.33
1552,376,280,2,44.23
1553,358,496,3,34.83
1554,808,434,3,44.26
1555,264,635,3,63.0
1556,1058,204,1,19.49
1557,708,118,4,70.32
1558,255,601,4,44.38
1559,319,761,3,78.07
1560,131,185,2,41.49
1561,525,211,2,79.91
1562,671,238,4,40.96
1563,949,383,4,61.32
1564,992,510,4,24.84
1565,436,257,2,70.18
1566,795,819,3,61.15
1567,1090,875,4,34.27
1568,661,50,2,47.35
1569,143,10,3,79.96
1570,897,614,1,56.47
1571,526,2,4,45.89
1572,978,77,2,52.68
1573,1045,31,4,22.36
1574,175,677,5,10.96
1575,73,493,3,41.46
1576,808,403,4,62.74
1577,1019,853,3,47.15
1578,972,156,1,60.85
1579,941,123,2,15.32
1580,594,787,2,23.76
1581,755,400,4,18.75
1582,1025,673,2,44.37
1583,104,224,2,22.31
1584,714,776,2,78.32
1585,793,868,5,37.14
1586,762,733,2,25.69
1587,743,334,5,22.89
1588,913,746,4,53.3
1589,1003,212,3,55.08
1590,22,486,5,40.47
1591,192,765,1,64.23
1592,1023,181,5,47.86
1593,459,669,5,45.82
1594,610,832,4,78.02
1595,791,275,4,32.15
1596,148,188,4,58.78
1597,181,267,5,25.08
1598,420,673,4,44.37
1599,485,110,5,22.34
1600,809,181,4,47.86
1601,684,404,3,36.68
1602,524,229,5,79.58
1603,79,598,3,51.61
1604,131,645,5,19.0
1605,690,403,4,62.74
1606,446,17,1,48.95
1607,807,206,4,11.8
1608,298,729,1,46.72
1609,111,368,1,54.28
1610,797,266,1,23.85
1611,913,523,4,62.44
1612,114,893,3,73.11
1613,1027,111,1,38.97
1614,419,759,3,41.11
1615,401,895,4,31.08
1616,505,619,4,66.52
1617,748,164,4,74.92
1618,335,784,5,74.72
1619,650,595,5,63.81
1620,804,452,4,57.5
1621,961,714,1,44.17
1622,686,370,3,62.57
1623,1059,607,5,52.01
1624,76,486,1,40.47
1625,374,711,5,69.72
1626,787,624,5,20.31
1627,197,334,3,22.89
1628,375,842,4,51.81
1629,20,51,2,32.42
1630,507,223,1,25.0
1631,435,132,4,16.38
1632,1044,586,2,62.69
1633,965,835,3,53.75
1634,862,21,2,12.76
1635,132,256,4,63.18
1636,1098,295,1,17.14
1637,737,512,4,56.0
1638,172,710,2,23.81
1639,139,539,3,15.86
1640,354,718,3,34.22
1641,130,740,5,49.73
1642,724,816,4,67.31
1643,175,485,4,44.36
1644,747,345,5,59.39
1645,321,159,2,77.97
1646,755,371,2,77.82
1647,662,570,4,27.86
1648,53,891,4,56.13
1649,400,6,2,75.91
1650,303,561,2,52.0
1651,457,817,2,12.51
1652,731,148,5,33.14
1653,899,540,5,66.89
1654,1020,107,3,17.15
1655,398,360,5,69.94
1656,840,308,4,20.65
1657,321,421,5,41.2
1658,635,871,4,12.13
1659,545,423,3,54.26
1660,738,329,1,19.13
1661,932,701,2,12.04
1662,1065,252,1,37.61
1663,21,126,5,37.31
1664,724,744,1,71.35
1665,1078,560,1,25.48
1666,984,324,4,33.48
1667,636,839,3,11.49
1668,53,766,3,21.88
1669,228,667,1,60.19
1670,656,543,1,13.65
1671,223,2,5,45.89
1672,862,499,5,26.78
1673,1008,824,3,14.04
1674,520,512,4,56.0
1675,163,603,2,24.44
1676,915,545,5,46.55
1677,875,386,2,45.32
1678,787,805,3,15.96
1679,796,782,3,46.16
1680,497,225,2,39.12
1681,616,837,4,72.93
1682,907,284,5,39.48
1683,837,235,2,57.33
1684,983,592,2,73.46
1685,320,813,4,33.41
1686,349,515,1,38.35
1687,153,354,1,61.03
1688,372,224,4,22.31
1689,595,212,5,55.08
1690,1022,251,3,15.27
1691,642,52,3,31.08
1692,338,119,5,36.37
1693,594,9,3,68.75
1694,8,259,4,34.18
1695,268,770,4,66.33
1696,55,640,4,33.18
1697,875,168,5,34.66
1698,156,277,3,77.47
1699,997,462,2,32.43
1700,840,387,1,58.67
1701,1091,770,3,66.33
1702,236,622,5,48.08
1703,191,450,3,25.62
1704,993,738,2,22.68
1705,797,447,3,10.82
1706,420,629,4,34.07
1707,1083,540,3,66.89
1708,1074,462,3,32.43
1709,1037,766,5,21.88
1710,710,671,3,52.49
1711,928,120,2,59.61
1712,232,819,5,61.15
1713,1097,260,3,73.98
1714,541,812,5,38.79
1715,800,67,4,67.87
1716,498,865,5,51.42
1717,656,186,3,42.26
1718,981,257,4,70.18
1719,977,495,3,78.37
1720,486,450,2,25.62
1721,163,146,2,22.14
1722,1040,281,5,23.48
1723,933,456,3,36.68
1724,786,835,1,53.75
1725,167,562,5,45.34
1726,1064,481,3,65.65
1727,765,505,5,58.02
1728,453,130,2,26.98
1729,83,655,1,66.37
1730,123,332,5,24.33
1731,26,328,3,62.61
1732,719,758,1,37.56
1733,898,236,4,20.79
1734,660,564,3,49.95
1735,583,34,3,57.79
1736,138,586,2,62.69
1737,568,311,2,77.61
1738,595,419,2,58.5
1739,962,106,2,27.66
1740,386,625,2,53.59
1741,506,57,4,13.16
1742,689,243,2,43.54
1743,762,899,2,17.23
1744,755,628,4,36.8
1745,643,841,5,77.83
1746,42,585,4,53.9
1747,321,516,2,65.21
1748,246,609,4,20.51
1749,1,538,4,44.33
1750,1002,783,3,50.7
1751,964,517,5,49.41
1752,300,797,4,28.45
1753,390,477,4,31.29
1754,507,49,5,64.84
1755,961,467,2,57.0
1756,1056,743,2,41.08
1757,896,866,4,18.68
1758,844,28,5,12.45
1759,1024,674,5,76.68
1760,1022,516,3,65.21
1761,687,12,1,23.36
1762,599,285,3,61.66
1763,95,455,2,33.45
1764,819,161,5,37.98
1765,56,703,1,59.53
1766,36,453,5,49.17
1767,474,728,2,52.26
1768,303,415,3,19.79
1769,303,460,5,28.0
1770,325,354,3,61.03
1771,791,244,1,17.84
1772,682,637,3,54.76
1773,161,756,3,36.79
1774,872,512,1,56.0
1775,139,470,4,76.3
1776,655,209,5,61.65
1777,906,169,3,10.74
1778,647,567,1,13.43
1779,943,687,1,70.11
1780,1037,688,5,21.55
1781,623,8,4,10.74
1782,675,729,3,46.72
1783,411,708,5,36.06
1784,5,374,2,11.37
1785,803,347,5,54.79
1786,978,146,4,22.14
1787,1069,223,5,25.0
1788,760,35,4,10.84
1789,50,358,1,15.32
1790,389,873,1,26.61
1791,838,621,4,42.59
1792,919,187,1,52.57
1793,264,548,1,74.27
1794,651,398,5,23.01
1795,497,567,4,13.43
1796,58,848,2,56.5
1797,991,886,5,11.19
1798,684,230,4,51.44
1799,319,115,3,48.12
1800,350,318,1,17.95
1801,457,485,1,44.36
1802,982,248,1,37.36
1803,873,706,2,58.25
1804,73,849,5,12.73
1805,762,544,2,15.11
1806,69,418,5,43.01
1807,535,700,5,20.78
1808,419,882,4,71.17
1809,1057,127,4,31.71
1810,908,166,2,59.82
1811,1098,405,4,46.05
1812,689,683,4,10.26
1813,95,409,4,78.84
1814,985,381,3,66.75
1815,729,460,2,28.0
1816,670,298,1,33.92
1817,7,327,4,33.05
1818,986,675,2,21.21
1819,725,13,3,63.32
1820,81,184,3,42.09
1821,1092,667,5,60.19
1822,1029,562,1,45.34
1823,53,644,5,40.46
1824,656,826,3,65.43
1825,1083,459,2,79.01
1826,433,351,4,71.97
1827,1032,299,3,77.99
1828,968,645,2,19.0
1829,96,540,1,66.89
1830,314,296,1,71.42
1831,34,813,3,33.41
1832,176,379,1,23.22
1833,957,753,3,36.5
1834,502,120,4,59.61
1835,777,15,5,58.0
1836,244,439,1,24.29
1837,177,352,3,41.94
1838,784,448,1,55.45
1839,474,664,3,24.42
1840,35,722,3,69.47
1841,903,680,3,42.19
1842,93,44,1,38.31
1843,639,344,5,29.73
1844,617,35,5,10.84
1845,283,134,4,76.13
1846,48,416,5,22.37
1847,77,667,4,60.19
1848,636,622,3,48.08
1849,496,341,4,55.93
1850,714,757,5,68.78
1851,84,695,2,48.02
1852,807,217,5,73.92
1853,446,414,3,64.13
1854,998,144,2,54.64
1855,624,372,3,50.02
1856,1045,762,1,68.94
1857,993,40,5,70.69
1858,453,242,3,16.46
1859,133,802,3,23.0
1860,377,267,3,25.08
1861,834,412,2,25.2
1862,73,789,1,64.78
1863,72,267,3,25.08
1864,434,606,5,46.47
1865,38,280,5,44.23
1866,855,508,2,39.37
1867,648,107,3,17.15
1868,21,704,5,60.81
1869,772,113,4,70.31
1870,105,579,5,74.02
1871,1029,459,2,79.01
1872,151,510,1,24.84
1873,1027,119,4,36.37
1874,833,547,5,37.21
1875,211,229,1,79.58
1876,471,879,5,41.26
1877,603,389,5,22.32
1878,223,696,2,24.17
1879,197,374,1,11.37
1880,208,391,3,66.85
1881,667,268,4,72.27
1882,789,158,3,30.52
1883,900,238,1,40.96
1884,318,887,3,72.49
1885,449,432,1,35.87
1886,261,452,4,57.5
1887,1026,464,4,42.9
1888,353,789,2,64.78
1889,727,511,5,29.33
1890,633,501,3,66.16
1891,746,39,5,70.77
1892,123,647,5,60.61
1893,1036,632,4,78.07
1894,246,478,2,53.96
1895,452,92,3,26.49
1896,1016,97,4,79.15
1897,76,285,2,61.66
1898,784,847,1,11.54
1899,543,855,3,71.95
1900,918,90,4,33.15
1901,682,38,3,55.78
1902,538,785,1,39.89
1903,758,190,4,34.03
1904,536,291,3,17.24
1905,1025,758,2,37.56
1906,849,757,5,68.78
1907,586,746,3,53.3
1908,527,89,5,79.52
1909,235,856,2,20.53
1910,949,572,1,27.97
1911,521,610,5,72.8
1912,994,849,4,12.73
1913,277,22,5,60.72
1914,388,831,5,51.13
1915,394,455,2,33.45
1916,804,334,2,22.89
1917,640,178,4,36.31
1918,854,3,4,60.37
1919,577,676,1,32.5
1920,637,448,3,55.45
1921,554,4,2,40.63
1922,892,711,1,69.72
1923,390,361,2,50.36
1924,579,159,3,77.97
1925,724,350,4,56.17
1926,177,571,2,59.1
1927,294,837,4,72.93
1928,313,852,1,73.7
1929,426,547,3,37.21
1930,252,884,3,20.39
1931,706,75,1,67.84
1932,721,280,2,44.23
1933,742,792,2,66.29
1934,986,348,1,47.44
1935,754,412,5,25.2
1936,1031,654,1,25.39
1937,1046,281,5,23.48
1938,353,714,1,44.17
1939,899,161,4,37.98
1940,148,155,4,33.64
1941,386,211,3,79.91
1942,67,709,2,53.59
1943,434,501,5,66.16
1944,216,751,2,14.4
1945,311,417,4,17.14
1946,325,463,2,40.48
1947,500,159,4,77.97
1948,257,460,4,28.0
1949,880,450,3,25.62
1950,890,630,3,53.16
1951,1038,813,5,33.41
1952,254,595,3,63.81
1953,789,551,4,76.02
1954,938,771,3,70.68
1955,310,589,3,46.71
1956,550,622,5,48.08
1957,398,807,1,71.81
1958,413,428,4,51.47
1959,710,653,4,59.83
1960,322,888,4,68.25
1961,838,517,3,49.41
1962,10,704,3,60.81
1963,471,415,4,19.79
1964,900,662,5,21.52
1965,429,782,2,46.16
1966,66,196,1,34.15
1967,813,127,2,31.71
1968,220,496,4,34.83
1969,31,350,2,56.17
1970,620,43,2,55.39
1971,1094,227,2,18.15
1972,409,105,3,11.98
1973,197,525,1,10.81
1974,216,408,4,43.75
1975,573,554,1,47.94
1976,323,256,4,63.18
1977,277,551,1,76.02
1978,245,893,5,73.11
1979,455,513,5,23.04
1980,749,199,1,21.48
1981,226,363,3,77.17
1982,494,577,4,33.83
1983,194,369,4,33.4
1984,504,267,1,25.08
1985,651,594,1,18.47
1986,45,690,4,65.33
1987,874,13,5,63.32
1988,861,867,2,69.15
1989,483,733,4,25.69
1990,724,62,3,73.1
1991,814,39,2,70.77
1992,841,669,2,45.82
1993,294,319,4,65.35
1994,270,149,3,59.4
1995,215,654,5,25.39
1996,300,890,4,19.28
1997,204,812,2,38.79
1998,691,45,4,60.32
1999,257,67,1,67.87
2000,1085,297,1,52.53
2001,159,331,4,77.68
2002,1017,668,1,47.15
2003,809,140,5,79.58
2004,1073,66,1,67.3
2005,979,658,3,28.99
2006,377,889,4,72.75
2007,1088,406,4,29.02
2008,767,51,5,32.42
2009,440,429,5,75.47
2010,191,782,4,46.16
2011,336,117,3,15.43
2012,86,454,2,72.34
2013,965,201,1,59.68
2014,1077,703,4,59.53
2015,170,288,2,34.16
2016,37,200,5,31.93
2017,21,618,2,73.61
2018,54,54,3,15.52
2019,802,182,4,67.3
2020,82,494,1,74.57
2021,364,668,3,47.15
2022,1009,293,5,59.47
2023,669,669,4,45.82
2024,1072,734,5,52.92
2025,1085,631,2,33.27
2026,130,237,2,37.48
2027,946,234,5,21.04
2028,241,339,2,41.15
2029,313,611,2,16.14
2030,355,139,5,60.57
2031,929,687,2,70.11
2032,672,263,1,17.57
2033,230,304,5,32.03
2034,510,564,3,49.95
2035,1003,790,3,13.74
2036,598,241,1,15.96
2037,1037,550,4,74.18
2038,638,370,5,62.57
2039,550,466,5,56.35
2040,107,59,4,50.43
2041,356,755,3,29.01
2042,878,222,4,59.7
2043,842,614,5,56.47
2044,496,490,3,76.04
2045,737,654,3,25.39
2046,35,287,3,38.02
2047,500,553,4,48.81
2048,740,40,1,70.69
2049,1024,766,4,21.88
2050,65,632,5,78.07
2051,112,750,2,47.52
2052,237,455,2,33.45
2053,195,646,1,32.47
2054,465,785,3,39.89
2055,1025,3,3,60.37
2056,396,215,2,50.02
2057,226,826,3,65.43
2058,862,595,4,63.81
2059,542,19,1,10.08
2060,100,86,3,66.04
2061,831,32,1,34.36
2062,410,214,3,35.32
2063,381,8,4,10.74
2064,341,179,4,34.91
2065,112,704,5,60.81
2066,425,80,4,10.34
2067,566,134,4,76.13
2068,817,858,2,70.06
2069,474,120,4,59.61
2070,194,300,1,37.88
2071,320,195,1,72.83
2072,16,66,4,67.3
2073,176,708,4,36.06
2074,248,617,5,74.15
2075,605,325,4,51.57
2076,513,48,3,65.26
2077,226,619,5,66.52
2078,742,30,5,48.87
2079,151,613,1,52.88
2080,12,862,3,22.93
2081,846,790,4,13.74
2082,477,653,3,59.83
2083,323,822,4,58.31
2084,463,374,5,11.37
2085,756,90,4,33.15
2086,886,245,3,63.44
2087,373,271,1,33.45
2088,492,668,1,47.15
2089,308,722,2,69.47
2090,1080,803,4,38.24
2091,981,101,1,26.97
2092,813,425,3,63.62
2093,868,23,2,14.08
2094,604,596,2,10.55
2095,396,376,4,68.03
2096,902,455,3,33.45
2097,167,681,3,42.13
2098,90,377,4,38.69
2099,176,511,3,29.33
2100,393,155,2,33.64
2101,1016,885,5,43.78
2102,1011,711,3,69.72
2103,335,404,1,36.68
2104,647,540,4,66.89
2105,1071,640,5,33.18
2106,237,411,5,23.59
2107,511,102,4,74.48
2108,217,325,1,51.57
2109,192,69,3,60.62
2110,333,741,3,73.78
2111,238,161,3,37.98
2112,1026,320,3,67.14
2113,626,427,4,28.86
2114,445,77,2,52.68
2115,909,77,4,52.68
2116,541,95,5,32.98
2117,2,699,4,78.7
2118,824,612,3,36.0
2119,636,326,1,52.91
2120,721,488,1,40.83
2121,394,261,1,52.32
2122,251,666,1,35.5
2123,1010,413,1,47.3
2124,946,30,4,48.87
2125,214,212,1,55.08
2126,233,107,2,17.15
2127,926,219,5,38.46
2128,454,878,1,62.96
2129,1070,647,1,60.61
2130,932,167,1,21.41
2131,501,326,4,52.91
2132,780,367,4,13.96
2133,532,13,1,63.32
2134,131,584,1,32.13
2135,650,298,2,33.92
2136,817,741,1,73.78
2137,897,567,2,13.43
2138,596,77,1,52.68
2139,863,891,3,56.13
2140,422,278,2,64.48
2141,621,677,1,10.96
2142,251,260,4,73.98
2143,650,899,3,17.23
2144,811,447,2,10.82
2145,563,771,5,70.68
2146,299,130,2,26.98
2147,128,660,4,66.75
2148,602,130,1,26.98
2149,163,433,5,60.95
2150,536,410,1,37.96
2151,460,531,5,71.4
2152,713,101,3,26.97
2153,305,244,3,17.84
2154,866,401,3,34.17
2155,301,67,4,67.87
2156,588,435,3,53.45
2157,666,193,2,49.42
2158,202,444,3,21.55
2159,645,10,4,79.96
2160,70,798,3,70.35
2161,590,106,1,27.66
2162,437,488,1,40.83
2163,459,658,3,28.99
2164,871,761,2,78.07
2165,216,776,1,78.32
2166,1017,557,5,22.75
2167,94,655,4,66.37
2168,1097,439,5,24.29
2169,658,464,4,42.9
2170,110,115,5,48.12
2171,1080,233,1,36.59
2172,562,110,3,22.34
2173,570,655,3,66.37
2174,1001,314,4,68.64
2175,493,244,3,17.84
2176,457,381,5,66.75
2177,961,255,4,72.22
2178,979,36,1,35.51
2179,874,515,3,38.35
2180,320,857,3,32.92
2181,495,79,4,47.79
2182,655,50,3,47.35
2183,9,815,5,38.31
2184,439,486,1,40.47
2185,170,766,1,21.88
2186,1062,336,5,67.63
2187,815,571,5,59.1
2188,917,276,1,63.85
2189,735,174,5,14.14
2190,44,336,3,67.63
2191,67,614,3,56.47
2192,990,585,2,53.9
2193,1029,70,5,58.52
2194,547,458,2,40.92
2195,800,408,5,43.75
2196,102,407,2,18.55
2197,353,295,1,17.14
2198,873,651,1,64.4
2199,186,612,3,36.0
2200,552,37,4,28.83
2201,364,758,4,37.56
2202,1051,662,5,21.52
2203,54,523,5,62.44
2204,111,404,5,36.68
2205,413,92,1,26.49
2206,308,684,1,19.75
2207,943,597,3,46.55
2208,286,900,5,33.73
2209,305,798,2,70.35
2210,430,248,1,37.36
2211,380,338,4,76.89
2212,996,511,2,29.33
2213,710,3,2,60.37
2214,1064,872,3,27.87
2215,879,127,4,31.71
2216,359,706,4,58.25
2217,238,268,1,72.27
2218,389,286,2,26.16
2219,1018,669,4,45.82
2220,387,148,2,33.14
2221,647,667,4,60.19
2222,477,717,4,27.98
2223,521,185,1,41.49
2224,634,740,2,49.73
2225,25,624,3,20.31
2226,380,36,4,35.51
2227,489,493,3,41.46
2228,230,379,5,23.22
2229,933,68,5,56.62
2230,589,147,3,55.1
2231,104,881,3,75.36
2232,279,680,3,42.19
2233,464,891,1,56.13
2234,746,368,5,54.28
2235,1007,507,5,48.21
2236,459,405,3,46.05
2237,374,501,2,66.16
2238,943,600,3,35.87
2239,930,153,2,59.64
2240,1067,739,1,22.14
2241,865,698,1,16.41
2242,262,597,2,46.55
2243,175,246,3,51.47
2244,213,105,1,11.98
2245,491,672,2,78.43
2246,104,110,1,22.34
2247,974,337,2,46.01
2248,764,784,1,74.72
2249,365,890,3,19.28
2250,830,591,3,36.27
2251,1076,853,3,47.15
2252,213,175,2,70.16
2253,286,843,2,29.26
2254,372,234,2,21.04
2255,69,572,4,27.97
2256,511,537,3,59.5
2257,972,61,5,78.18
2258,624,213,5,16.32
2259,215,255,4,72.22
2260,25,540,3,66.89
2261,901,532,2,16.64
2262,983,633,2,24.92
2263,254,231,1,21.39
2264,869,836,5,35.31
2265,381,144,4,54.64
2266,111,529,1,52.53
2267,429,458,1,40.92
2268,763,110,5,22.34
2269,475,77,4,52.68
2270,618,277,5,77.47
2271,505,554,1,47.94
2272,405,455,3,33.45
2273,897,759,2,41.11
2274,253,99,2,11.91
2275,428,457,1,34.67
2276,513,589,3,46.71
2277,811,174,3,14.14
2278,751,321,3,29.04
2279,64,451,4,42.97
2280,32,16,3,15.93
2281,477,365,3,80.0
2282,1040,532,2,16.64
2283,419,271,5,33.45
2284,208,684,1,19.75
2285,1047,29,5,57.34
2286,367,579,2,74.02
2287,1060,330,1,10.54
2288,280,747,5,24.39
2289,575,504,4,22.38
2290,340,349,5,56.09
2291,996,754,3,68.05
2292,449,476,1,40.97
2293,761,437,3,67.67
2294,206,329,2,19.13
2295,444,762,1,68.94
2296,914,791,1,53.98
2297,781,421,4,41.2
2298,1011,63,4,46.27
2299,437,784,2,74.72
2300,186,103,5,48.81
2301,142,736,4,78.45
2302,192,107,5,17.15
2303,681,346,2,59.95
2304,53,610,2,72.8
2305,1004,211,1,79.91
2306,390,262,1,58.3
2307,472,500,4,51.42
2308,159,478,1,53.96
2309,441,498,5,37.65
2310,433,29,4,57.34
2311,200,831,5,51.13
2312,281,53,1,30.88
2313,588,380,5,62.45
2314,266,47,4,26.68
2315,295,826,1,65.43
2316,802,187,3,52.57
2317,920,710,3,23.81
2318,261,306,4,26.16
2319,553,490,2,76.04
2320,302,369,3,33.4
2321,125,787,4,23.76
2322,673,855,2,71.95
2323,50,344,2,29.73
2324,788,827,4,61.75
2325,246,133,1,21.15
2326,923,163,1,10.71
2327,708,489,5,63.97
2328,47,868,2,37.14
2329,643,713,3,42.29
2330,23,551,1,76.02
2331,849,553,3,48.81
2332,569,330,4,10.54
2333,669,721,4,52.55
2334,163,845,4,20.22
2335,540,302,2,16.27
2336,69,323,3,74.96
2337,114,652,3,16.67
2338,174,379,3,23.22
2339,860,496,3,34.83
2340,20,578,2,25.43
2341,100,120,4,59.61
2342,1021,819,3,61.15
2343,498,37,1,28.83
2344,147,230,3,51.44
2345,161,311,1,77.61
2346,715,756,5,36.79
2347,107,397,4,33.37
2348,40,585,1,53.9
2349,522,803,3,38.24
2350,888,368,3,54.28
2351,1064,264,1,64.69
2352,101,14,1,57.93
2353,602,39,1,70.77
2354,600,731,4,52.39
2355,522,870,3,50.96
2356,516,639,4,49.0
2357,789,542,2,49.38
2358,606,750,5,47.52
2359,903,360,2,69.94
2360,740,417,1,17.14
2361,578,565,5,77.68
2362,291,881,3,75.36
2363,812,436,2,12.11
2364,648,455,4,33.45
2365,124,86,2,66.04
2366,1087,41,4,68.2
2367,679,757,1,68.78
2368,183,520,1,36.1
2369,350,684,1,19.75
2370,787,362,2,61.2
2371,764,62,5,73.1
2372,241,377,5,38.69
2373,676,617,1,74.15
2374,632,247,1,15.36
2375,693,23,4,14.08
2376,145,795,4,54.37
2377,526,73,4,53.13
2378,563,493,4,41.46
2379,794,900,2,33.73
2380,208,641,1,35.59
2381,469,796,2,79.71
2382,507,125,5,12.91
2383,940,412,4,25.2
2384,119,167,3,21.41
2385,630,385,1,77.47
2386,847,523,3,62.44
2387,600,285,4,61.66
2388,859,290,3,35.08
2389,1035,622,2,48.08
2390,515,700,3,20.78
2391,173,681,5,42.13
2392,467,190,5,34.03
2393,138,888,1,68.25
2394,496,885,4,43.78
2395,261,279,3,47.99
2396,1010,730,5,64.41
2397,322,800,5,69.85
2398,938,767,3,29.1
2399,190,735,3,56.64
2400,614,543,5,13.65
2401,627,21,1,12.76
2402,634,394,3,21.21
2403,523,415,2,19.79
2404,317,660,3,66.75
2405,1031,507,5,48.21
2406,38,660,4,66.75
2407,500,490,4,76.04
2408,978,429,3,75.47
2409,963,211,4,79.91
2410,1088,47,3,26.68
2411,509,281,2,23.48
2412,719,115,5,48.12
2413,205,876,5,65.99
2414,931,126,4,37.31
2415,260,868,5,37.14
2416,915,314,4,68.64
2417,892,827,4,61.75
2418,886,436,4,12.11
2419,118,709,5,53.59
2420,168,603,1,24.44
2421,389,374,2,11.37
2422,780,859,3,20.17
2423,259,351,5,71.97
2424,432,116,4,47.77
2425,892,886,5,11.19
2426,1017,866,1,18.68
2427,1088,813,3,33.41
2428,862,771,4,70.68
2429,653,589,1,46.71
2430,54,644,3,40.46
2431,894,752,2,52.35
2432,852,497,1,32.32
2433,621,877,3,45.58
2434,913,489,4,63.97
2435,228,279,1,47.99
2436,728,825,4,70.68
2437,959,57,2,13.16
2438,748,768,1,32.04
2439,176,369,3,33.4
2440,578,263,5,17.57
2441,578,37,5,28.83
2442,657,470,3,76.3
2443,271,380,4,62.45
2444,444,503,3,27.58
2445,548,765,5,64.23
2446,552,366,3,57.23
2447,690,727,4,53.29
2448,800,854,4,35.12
2449,432,248,3,37.36
2450,557,189,1,34.74
2451,684,28,5,12.45
2452,700,221,1,61.87
2453,921,165,4,44.96
2454,963,134,5,76.13
2455,293,487,4,73.99
2456,670,689,5,40.83
2457,1020,62,5,73.1
2458,559,862,2,22.93
2459,874,837,4,72.93
2460,47,241,4,15.96
2461,868,831,5,51.13
2462,64,807,2,71.81
2463,952,446,3,64.56
2464,542,554,2,47.94
2465,585,202,3,44.4
2466,95,58,4,28.59
2467,816,822,1,58.31
2468,886,364,2,63.58
2469,980,508,4,39.37
2470,1077,263,2,17.57
2471,570,503,1,27.58
2472,861,295,5,17.14
2473,133,601,1,44.38
2474,798,198,4,75.97
2475,684,23,4,14.08
2476,356,352,5,41.94
2477,361,353,1,33.92
2478,203,398,5,23.01
2479,152,358,4,15.32
2480,976,543,1,13.65
2481,984,640,5,33.18
2482,291,214,1,35.32
2483,980,686,1,47.71
2484,44,537,1,59.5
2485,403,221,3,61.87
2486,38,145,2,35.78
2487,984,307,2,52.07
2488,365,852,4,73.7
2489,360,777,3,74.32
2490,577,101,5,26.97
2491,8,93,4,74.83
2492,722,626,5,46.19
2493,242,121,2,75.11
2494,616,431,3,72.56
2495,81,254,1,55.66
2496,220,556,2,69.06
2497,947,614,1,56.47
2498,539,446,3,64.56
2499,715,99,1,11.91
2500,298,29,2,57.34
2501,473,577,1,33.83
2502,753,618,4,73.61
2503,886,697,4,46.47
2504,520,158,2,30.52
2505,595,847,2,11.54
2506,426,739,4,22.14
2507,732,883,3,18.22
2508,326,543,5,13.65
2509,615,395,2,29.0
2510,971,737,4,18.27
2511,495,314,5,68.64
2512,665,55,2,12.44
2513,20,836,2,35.31
2514,919,487,2,73.99
2515,163,465,5,12.19
2516,419,834,1,67.74
2517,822,163,3,10.71
2518,96,862,3,22.93
2519,722,203,2,14.2
2520,870,455,5,33.45
2521,299,285,3,61.66
2522,1047,252,4,37.61
2523,295,405,5,46.05
2524,945,781,4,17.24
2525,493,752,5,52.35
2526,1079,584,3,32.13
2527,163,821,2,24.91
2528,1079,447,4,10.82
2529,340,519,4,46.48
2530,984,264,4,64.69
2531,786,632,1,78.07
2532,107,302,1,16.27
2533,908,389,2,22.32
2534,773,887,5,72.49
2535,781,322,2,11.09
2536,577,103,3,48.81
2537,996,226,1,30.32
2538,1053,52,2,31.08
2539,38,293,1,59.47
2540,541,80,1,10.34
2541,943,826,1,65.43
2542,142,138,5,20.08
2543,574,256,2,63.18
2544,935,58,2,28.59
2545,865,374,4,11.37
2546,1084,103,3,48.81
2547,811,228,3,16.04
2548,651,31,1,22.36
2549,430,379,2,23.22
2550,130,678,1,18.24
2551,63,117,3,15.43
2552,1047,310,3,58.09
2553,811,454,2,72.34
2554,188,833,2,72.12
2555,978,59,1,50.43
2556,135,681,4,42.13
2557,564,581,2,78.8
2558,189,462,3,32.43
2559,850,29,4,57.34
2560,478,7,2,61.0
2561,213,723,4,12.32
2562,437,465,2,12.19
2563,484,854,5,35.12
2564,986,831,1,51.13
2565,171,862,1,22.93
2566,201,677,3,10.96
2567,352,424,2,47.34
2568,158,847,5,11.54
2569,324,886,2,11.19
2570,535,16,1,15.93
2571,852,80,2,10.34
2572,1074,391,3,66.85
2573,553,867,5,69.15
2574,874,413,1,47.3
2575,351,666,3,35.5
2576,175,278,2,64.48
2577,700,556,1,69.06
2578,567,849,4,12.73
2579,171,66,5,67.3
2580,64,806,1,75.9
2581,621,348,1,47.44
2582,170,324,2,33.48
2583,144,725,1,77.69
2584,672,626,4,46.19
2585,120,851,2,71.21
2586,987,416,5,22.37
2587,391,819,3,61.15
2588,1013,497,5,32.32
2589,896,428,1,51.47
2590,671,263,5,17.57
2591,681,386,2,45.32
2592,649,484,3,17.52
2593,17,858,3,70.06
2594,347,184,3,42.09
2595,821,886,3,11.19
2596,117,397,5,33.37
2597,540,679,5,65.83
2598,850,776,1,78.32
2599,1008,346,3,59.95
2600,217,757,5,68.78
2601,327,511,4,29.33
2602,224,813,1,33.41
2603,615,576,5,38.98
2604,199,392,1,19.33
2605,756,570,1,27.86
2606,155,582,4,56.56
2607,677,363,4,77.17
2608,87,571,2,59.1
2609,823,504,5,22.38
2610,782,871,3,12.13
2611,96,269,3,71.72
2612,594,94,3,78.86
2613,572,765,2,64.23
2614,534,785,2,39.89
2615,829,506,1,45.31
2616,1086,552,1,57.16
2617,710,869,1,63.35
2618,133,337,1,46.01
2619,466,449,5,63.72
2620,851,790,2,13.74
2621,842,523,3,62.44
2622,910,45,3,60.32
2623,293,261,1,52.32
2624,842,744,5,71.35
2625,1035,120,3,59.61
2626,307,896,1,20.33
2627,912,392,5,19.33
2628,161,450,1,25.62
2629,91,440,5,24.94
2630,160,272,2,23.06
2631,873,369,5,33.4
2632,968,158,2,30.52
2633,958,401,4,34.17
2634,215,700,1,20.78
2635,641,258,1,37.93
2636,941,803,1,38.24
2637,661,39,1,70.77
2638,1013,443,1,24.79
2639,165,705,4,53.81
2640,713,776,1,78.32
2641,1100,7,1,61.0
2642,920,485,5,44.36
2643,513,184,5,42.09
2644,582,377,3,38.69
2645,936,448,1,55.45
2646,1085,641,4,35.59
2647,990,494,1,74.57
2648,888,439,4,24.29
2649,269,705,1,53.81
2650,327,818,2,63.29
2651,477,307,5,52.07
2652,241,266,2,23.85
2653,22,651,5,64.4
2654,310,114,3,15.35
2655,325,464,2,42.9
2656,745,638,4,14.73
2657,1096,228,2,16.04
2658,866,849,4,12.73
2659,575,804,1,40.29
2660,1073,695,5,48.02
2661,210,175,1,70.16
2662,708,608,5,17.56
2663,549,828,3,62.09
2664,953,644,4,40.46
2665,1093,882,5,71.17
2666,60,93,2,74.83
2667,339,351,4,71.97
2668,265,63,5,46.27
2669,443,425,1,63.62
2670,30,881,5,75.36
2671,79,153,3,59.64
2672,1006,844,1,42.4
2673,144,871,4,12.13
2674,345,735,1,56.64
2675,816,736,2,78.45
2676,938,64,2,38.73
2677,762,346,5,59.95
2678,721,638,1,14.73
2679,652,127,4,31.71
2680,898,388,1,31.31
2681,893,723,4,12.32
2682,311,587,4,66.45
2683,712,555,4,19.22
2684,395,396,1,10.24
2685,272,800,3,69.85
2686,499,883,4,18.22
2687,1052,500,2,51.42
2688,296,829,1,68.0
2689,304,183,3,68.64
2690,566,369,1,33.4
2691,41,397,5,33.37
2692,550,19,5,10.08
2693,900,573,4,39.74
2694,419,843,5,29.26
2695,1020,100,5,30.04
2696,410,652,3,16.67
2697,241,773,1,23.91
2698,105,656,1,34.88
2699,896,399,3,79.42
2700,600,528,3,13.84
2701,494,873,5,26.61
2702,474,28,1,12.45
2703,567,441,1,52.23
2704,462,719,3,55.67
2705,849,2,5,45.89
2706,1017,40,4,70.69
2707,566,579,2,74.02
2708,964,382,5,14.25
2709,11,292,3,35.89
2710,958,626,1,46.19
2711,645,766,5,21.88
2712,497,60,3,28.09
2713,963,16,2,15.93
2714,1001,671,5,52.49
2715,49,164,4,74.92
2716,872,270,3,23.49
2717,233,193,1,49.42
2718,98,329,1,19.13
2719,243,639,5,49.0
2720,672,503,3,27.58
2721,612,494,2,74.57
2722,1041,794,1,28.37
2723,580,185,4,41.49
2724,630,25,4,40.98
2725,328,523,2,62.44
2726,1027,334,1,22.89
2727,911,168,3,34.66
2728,645,230,2,51.44
2729,27,380,2,62.45
2730,1099,370,1,62.57
2731,655,863,3,42.69
2732,115,120,2,59.61
2733,675,161,3,37.98
2734,959,83,1,79.07
2735,897,567,5,13.43
2736,971,689,3,40.83
2737,28,737,3,18.27
2738,251,214,5,35.32
2739,247,899,5,17.23
2740,548,90,5,33.15
2741,51,368,1,54.28
2742,593,105,2,11.98
2743,46,731,1,52.39
2744,1009,265,1,29.2
2745,563,753,3,36.5
2746,139,340,4,18.78
2747,436,222,2,59.7
2748,969,417,5,17.14
2749,298,804,4,40.29
2750,544,459,2,79.01
2751,1047,477,5,31.29
2752,416,44,5,38.31
2753,309,691,3,69.53
2754,365,872,2,27.87
2755,100,385,1,77.47
2756,752,423,2,54.26
2757,843,831,1,51.13
2758,899,83,2,79.07
2759,618,850,1,66.54
2760,417,489,2,63.97
2761,609,631,1,33.27
2762,281,661,3,67.31
2763,1097,834,1,67.74
2764,455,441,4,52.23
2765,589,891,2,56.13
2766,883,305,2,57.22
2767,876,359,2,36.73
2768,173,674,3,76.68
2769,646,710,5,23.81
2770,574,382,4,14.25
2771,241,377,1,38.69
2772,655,112,3,41.96
2773,782,719,2,55.67
2774,221,547,4,37.21
2775,981,899,4,17.23
2776,468,246,1,51.47
2777,264,204,1,19.49
2778,576,160,2,65.21
2779,493,833,2,72.12
2780,1062,538,2,44.33
2781,213,678,5,18.24
2782,792,5,2,70.6
2783,665,28,5,12.45
2784,315,508,1,39.37
2785,530,6,1,75.91
2786,636,252,5,37.61
2787,892,389,4,22.32
2788,1055,311,4,77.61
2789,83,832,4,78.02
2790,313,399,1,79.42
2791,329,476,3,40.97
2792,977,752,5,52.35
2793,858,437,2,67.67
2794,847,516,1,65.21
2795,731,211,4,79.91
2796,397,543,1,13.65
2797,1077,151,2,54.52
2798,389,875,1,34.27
2799,943,31,1,22.36
2800,348,302,4,16.27
2801,1024,52,4,31.08
2802,742,102,5,74.48
2803,812,142,1,76.96
2804,7,577,5,33.83
2805,848,860,2,40.56
2806,827,472,5,78.58
2807,357,518,1,65.15
2808,868,558,5,45.56
2809,794,12,1,23.36
2810,775,794,4,28.37
2811,1033,698,5,16.41
2812,130,897,2,23.81
2813,997,603,1,24.44
2814,639,745,2,18.09
2815,757,176,5,12.03
2816,546,387,3,58.67
2817,1032,24,4,78.25
2818,154,694,4,56.21
2819,275,161,3,37.98
2820,207,682,5,38.78
2821,935,620,4,25.57
2822,18,223,1,25.0
2823,85,571,1,59.1
2824,1088,218,3,26.57
2825,9,633,5,24.92
2826,709,743,3,41.08
2827,528,544,4,15.11
2828,92,840,3,35.08
2829,1094,253,2,77.18
2830,523,427,3,28.86
2831,773,709,4,53.59
2832,278,397,1,33.37
2833,375,103,2,48.81
2834,144,687,5,70.11
2835,61,433,4,60.95
2836,850,305,1,57.22
2837,656,656,5,34.88
2838,976,651,3,64.4
2839,456,656,1,34.88
2840,1088,511,5,29.33
2841,18,863,2,42.69
2842,912,537,2,59.5
2843,685,723,2,12.32
2844,899,110,2,22.34
2845,857,753,5,36.5
2846,1081,509,1,10.05
2847,589,83,3,79.07
2848,656,499,5,26.78
2849,202,241,4,15.96
2850,411,732,1,52.2
2851,582,839,2,11.49
2852,245,861,4,34.85
2853,693,398,2,23.01
2854,554,493,5,41.46
2855,565,740,3,49.73
2856,505,202,1,44.4
2857,1018,558,2,45.56
2858,921,232,1,48.92
2859,721,665,5,30.61
2860,979,419,4,58.5
2861,277,33,5,21.44
2862,633,845,1,20.22
2863,903,534,3,40.32
2864,822,260,1,73.98
2865,236,341,4,55.93
2866,920,302,4,16.27
2867,791,143,1,56.61
2868,995,524,3,33.71
2869,876,352,2,41.94
2870,648,352,3,41.94
2871,307,270,3,23.49
2872,865,412,4,25.2
2873,358,625,2,53.59
2874,113,475,2,46.36
2875,278,736,4,78.45
2876,968,631,3,33.27
2877,90,444,1,21.55
2878,203,322,3,11.09
2879,214,234,5,21.04
2880,336,449,2,63.72
2881,834,688,5,21.55
2882,1077,224,2,22.31
2883,277,823,2,53.41
2884,1099,683,5,10.26
2885,1075,400,2,18.75
2886,318,367,3,13.96
2887,867,665,5,30.61
2888,863,192,5,26.8
2889,845,442,1,73.96
2890,124,233,3,36.59
2891,823,382,4,14.25
2892,551,657,5,75.2
2893,107,573,3,39.74
2894,412,503,1,27.58
2895,626,853,5,47.15
2896,330,421,2,41.2
2897,986,238,3,40.96
2898,9,664,4,24.42
2899,65,54,1,15.52
2900,305,842,4,51.81
2901,845,883,3,18.22
2902,800,652,1,16.67
2903,889,78,3,78.02
2904,75,581,1,78.8
2905,14,49,5,64.84
2906,218,441,4,52.23
2907,729,855,5,71.95
2908,662,317,3,38.45
2909,637,738,2,22.68
2910,80,56,1,45.23
2911,972,532,3,16.64
2912,820,134,4,76.13
2913,611,883,2,18.22
2914,9,663,3,11.99
2915,371,842,2,51.81
2916,697,682,5,38.78
2917,1038,469,2,65.63
2918,116,512,2,56.0
2919,324,112,4,41.96
2920,813,383,4,61.32
2921,218,47,4,26.68
2922,122,643,5,79.09
2923,828,770,1,66.33
2924,242,834,4,67.74
2925,191,219,3,38.46
2926,2,655,2,66.37
2927,733,35,1,10.84
2928,834,277,2,77.47
2929,303,470,4,76.3
2930,527,252,3,37.61
2931,628,782,4,46.16
2932,694,144,4,54.64
2933,730,63,3,46.27
2934,395,292,4,35.89
2935,1005,689,3,40.83
2936,163,84,4,40.08
2937,31,161,5,37.98
2938,766,718,5,34.22
2939,722,197,5,61.73
2940,1021,352,3,41.94
2941,1011,325,5,51.57
2942,384,61,3,78.18
2943,143,690,3,65.33
2944,662,168,5,34.66
2945,338,782,2,46.16
2946,102,826,1,65.43
2947,818,281,2,23.48
2948,42,675,2,21.21
2949,275,618,4,73.61
2950,938,722,3,69.47
2951,604,659,3,51.66
2952,466,234,2,21.04
2953,634,354,4,61.03
2954,1076,439,4,24.29
2955,579,900,1,33.73
2956,605,878,4,62.96
2957,931,133,3,21.15
2958,806,737,3,18.27
2959,985,154,5,60.88
2960,433,678,3,18.24
2961,211,577,1,33.83
2962,840,462,1,32.43
2963,45,33,5,21.44
2964,906,573,3,39.74
2965,598,178,5,36.31
2966,1041,170,5,57.42
2967,508,68,4,56.62
2968,532,135,1,18.87
2969,264,515,2,38.35
2970,868,365,5,80.0
2971,715,619,4,66.52
2972,104,888,2,68.25
2973,583,529,5,52.53
2974,147,2,3,45.89
2975,745,481,5,65.65
2976,182,371,5,77.82
2977,535,235,3,57.33
2978,719,388,3,31.31
2979,240,667,2,60.19
2980,457,294,2,15.09
2981,544,282,1,12.28
2982,958,709,1,53.59
2983,1053,791,1,53.98
2984,849,874,2,75.29
2985,146,752,2,52.35
2986,674,625,3,53.59
2987,489,331,4,77.68
2988,552,878,3,62.96
2989,43,761,4,78.07
2990,429,708,1,36.06
2991,320,536,2,52.72
2992,151,653,1,59.83
2993,147,187,4,52.57
2994,632,653,2,59.83
2995,194,676,5,32.5
2996,162,328,3,62.61
2997,538,787,4,23.76
2998,1035,598,2,51.61
2999,952,651,4,64.4
3000,107,500,1,51.42
3001,758,877,1,45.58
3002,910,26,5,20.62
3003,760,661,1,67.31
3004,824,134,4,76.13
3005,446,190,4,34.03
3006,829,184,3,42.09
3007,415,134,4,76.13
3008,686,464,2,42.9
3009,7,788,4,28.51
3010,1076,54,3,15.52
3011,1006,42,4,36.85
3012,1052,637,2,54.76
3013,904,619,5,66.52
3014,1022,507,3,48.21
3015,334,718,2,34.22
3016,891,856,2,20.53
3017,797,580,1,12.84
3018,1064,308,3,20.65
3019,568,275,1,32.15
3020,460,520,3,36.1
3021,927,736,5,78.45
3022,315,540,2,66.89
3023,819,828,2,62.09
3024,37,104,4,19.26
3025,721,108,3,19.14
3026,643,170,4,57.42
3027,582,458,5,40.92
3028,1012,102,3,74.48
3029,679,753,2,36.5
3030,396,210,1,61.57
3031,914,588,2,37.35
3032,146,813,2,33.41
3033,612,837,4,72.93
3034,675,393,1,57.39
3035,867,768,1,32.04
3036,952,389,3,22.32
3037,104,146,1,22.14
3038,42,822,1,58.31
3039,89,176,4,12.03
3040,1083,435,3,53.45
3041,731,837,5,72.93
3042,951,58,1,28.59
3043,719,124,2,59.34
3044,667,233,5,36.59
3045,110,896,4,20.33
3046,396,98,5,36.38
3047,6,339,2,41.15
3048,1016,855,4,71.95
3049,427,175,5,70.16
3050,958,649,5,68.94
3051,344,726,4,62.46
3052,588,692,4,51.04
3053,384,184,4,42.09
3054,1056,693,5,56.36
3055,975,325,2,51.57
3056,182,79,3,47.79
3057,335,685,3,70.58
3058,423,552,4,57.16
3059,275,880,1,63.73
3060,911,333,4,56.36
3061,395,751,1,14.4
3062,636,882,3,71.17
3063,515,670,5,35.64
3064,549,829,1,68.0
3065,770,676,3,32.5
3066,647,695,5,48.02
3067,788,181,3,47.86
3068,415,567,3,13.43
3069,13,589,2,46.71
3070,1010,458,1,40.92
3071,727,462,2,32.43
3072,848,541,3,50.35
3073,12,663,4,11.99
3074,121,329,1,19.13
3075,320,358,1,15.32
3076,243,810,1,51.18
3077,393,92,5,26.49
3078,890,464,2,42.9
3079,39,489,3,63.97
3080,216,281,3,23.48
3081,765,425,4,63.62
3082,159,635,4,63.0
3083,825,746,4,53.3
3084,771,816,1,67.31
3085,189,738,3,22.68
3086,112,734,3,52.92
3087,481,279,1,47.99
3088,167,2,2,45.89
3089,804,670,3,35.64
3090,701,465,4,12.19
3091,623,473,3,10.36
3092,859,865,4,51.42
3093,743,764,4,60.18
3094,395,743,2,41.08
3095,977,492,3,23.4
3096,172,783,1,50.7
3097,692,3,4,60.37
3098,1065,333,5,56.36
3099,44,812,2,38.79
3100,495,250,1,70.18
3101,609,894,4,41.27
3102,381,121,3,75.11
3103,994,652,1,16.67
3104,857,858,1,70.06
3105,769,854,3,35.12
3106,452,871,4,12.13
3107,451,857,1,32.92
3108,660,209,3,61.65
3109,338,557,5,22.75
3110,1,503,5,27.58
3111,144,651,4,64.4
3112,306,593,2,19.06
3113,128,590,4,42.86
3114,229,361,1,50.36
3115,981,115,1,48.12
3116,885,408,1,43.75
3117,814,619,1,66.52
3118,452,444,4,21.55
3119,119,340,5,18.78
3120,121,276,1,63.85
3121,245,472,5,78.58
3122,962,454,5,72.34
3123,883,691,2,69.53
3124,213,609,5,20.51
3125,584,423,4,54.26
3126,67,582,5,56.56
3127,794,690,1,65.33
3128,945,278,5,64.48
3129,861,848,1,56.5
3130,305,154,5,60.88
3131,1048,225,1,39.12
3132,1051,686,4,47.71
3133,1059,319,4,65.35
3134,927,870,5,50.96
3135,1042,517,2,49.41
3136,525,797,2,28.45
3137,933,357,5,50.38
3138,826,544,4,15.11
3139,883,182,4,67.3
3140,520,515,2,38.35
3141,480,13,1,63.32
3142,902,67,3,67.87
3143,528,500,3,51.42
3144,727,17,1,48.95
3145,399,873,2,26.61
3146,788,464,2,42.9
3147,180,68,3,56.62
3148,783,457,5,34.67
3149,136,284,1,39.48
3150,1098,164,5,74.92
3151,374,301,4,62.71
3152,632,624,1,20.31
3153,492,461,1,10.51
3154,861,812,3,38.79
3155,115,582,3,56.56
3156,344,680,2,42.19
3157,217,383,5,61.32
3158,837,655,2,66.37
3159,961,552,1,57.16
3160,457,121,5,75.11
3161,129,374,1,11.37
3162,1050,745,1,18.09
3163,495,391,5,66.85
3164,48,27,3,56.88
3165,902,609,1,20.51
3166,623,443,3,24.79
3167,577,613,3,52.88
3168,123,789,3,64.78
3169,133,337,1,46.01
3170,457,632,3,78.07
3171,319,507,5,48.21
3172,191,887,1,72.49
3173,329,445,5,63.03
3174,112,22,5,60.72
3175,1026,865,4,51.42
3176,103,656,4,34.88
3177,1071,75,3,67.84
3178,632,881,1,75.36
3179,879,655,4,66.37
3180,797,99,1,11.91
3181,977,778,4,42.1
3182,312,856,5,20.53
3183,570,168,1,34.66
3184,839,887,4,72.49
3185,103,571,1,59.1
3186,702,759,5,41.11
3187,706,568,2,46.32
3188,574,695,1,48.02
3189,523,639,4,49.0
3190,993,729,5,46.72
3191,661,719,4,55.67
3192,362,292,1,35.89
3193,69,237,1,37.48
3194,405,86,3,66.04
3195,133,765,5,64.23
3196,848,95,4,32.98
3197,712,604,5,29.15
3198,892,183,2,68.64
3199,636,626,3,46.19
3200,959,430,3,50.0
3201,206,625,3,53.59
3202,710,885,5,43.78
3203,434,186,3,42.26
3204,155,614,5,56.47
3205,78,85,1,33.52
3206,280,882,4,71.17
3207,476,218,3,26.57
3208,275,149,4,59.4
3209,996,715,4,65.18
3210,113,545,3,46.55
3211,627,871,2,12.13
3212,866,519,2,46.48
3213,481,632,3,78.07
3214,760,271,2,33.45
3215,570,263,5,17.57
3216,373,94,2,78.86
3217,1071,649,1,68.94
3218,241,124,3,59.34
3219,695,489,4,63.97
3220,567,798,1,70.35
3221,760,891,1,56.13
3222,432,638,5,14.73
3223,743,378,2,19.35
3224,322,210,4,61.57
3225,741,15,5,58.0
3226,442,625,4,53.59
3227,497,121,4,75.11
3228,655,171,3,68.82
3229,307,698,2,16.41
3230,302,286,2,26.16
3231,515,716,2,68.34
3232,197,757,2,68.78
3233,716,817,4,12.51
3234,886,334,4,22.89
3235,340,565,1,77.68
3236,1006,203,2,14.2
3237,766,20,1,44.01
3238,861,727,3,53.29
3239,668,790,3,13.74
3240,1072,46,3,75.88
3241,1062,175,5,70.16
3242,600,43,4,55.39
3243,327,532,4,16.64
3244,384,375,3,73.74
3245,1069,452,2,57.5
3246,388,889,4,72.75
3247,48,785,4,39.89
3248,323,646,3,32.47
3249,1038,475,2,46.36
3250,780,20,5,44.01
3251,124,377,3,38.69
3252,273,847,2,11.54
3253,857,148,2,33.14
3254,170,419,4,58.5
3255,765,870,1,50.96
3256,131,87,3,41.22
3257,406,871,2,12.13
3258,921,766,1,21.88
3259,441,856,3,20.53
3260,196,850,3,66.54
3261,909,489,3,63.97
3262,778,872,5,27.87
3263,1044,714,4,44.17
3264,434,754,4,68.05
3265,184,243,4,43.54
3266,968,9,5,68.75
3267,64,883,3,18.22
3268,509,519,2,46.48
3269,155,818,2,63.29
3270,308,671,2,52.49
3271,800,821,3,24.91
3272,928,705,3,53.81
3273,400,778,4,42.1
3274,797,277,3,77.47
3275,681,117,2,15.43
3276,672,393,2,57.39
3277,347,157,1,72.47
3278,421,804,3,40.29
3279,836,852,3,73.7
3280,551,820,2,25.96
3281,792,125,2,12.91
3282,1061,59,4,50.43
3283,154,573,4,39.74
3284,91,747,4,24.39
3285,415,620,5,25.57
3286,539,349,1,56.09
3287,76,394,5,21.21
3288,409,532,2,16.64
3289,289,73,4,53.13
3290,299,597,5,46.55
3291,774,16,3,15.93
3292,380,497,5,32.32
3293,765,718,4,34.22
3294,217,769,1,28.11
3295,503,432,2,35.87
3296,26,369,4,33.4
3297,683,667,4,60.19
3298,361,324,1,33.48
3299,786,629,3,34.07
3300,151,144,2,54.64
3301,654,173,5,54.53
3302,1083,560,5,25.48
3303,4,694,5,56.21
3304,1054,778,5,42.1
3305,786,781,1,17.24
3306,1076,71,1,12.79
3307,8,472,1,78.58
3308,579,611,2,16.14
3309,419,721,4,52.55
3310,53,251,4,15.27
3311,1048,31,5,22.36
3312,684,572,5,27.97
3313,587,268,3,72.27
3314,429,822,4,58.31
3315,276,799,1,76.25
3316,407,178,4,36.31
3317,1013,508,4,39.37
3318,436,885,5,43.78
3319,459,795,1,54.37
3320,156,701,5,12.04
3321,113,821,3,24.91
3322,478,525,3,10.81
3323,493,48,5,65.26
3324,961,584,4,32.13
3325,675,790,4,13.74
3326,1050,734,3,52.92
3327,362,121,5,75.11
3328,249,570,1,27.86
3329,135,831,5,51.13
3330,968,286,4,26.16
3331,341,613,1,52.88
3332,468,108,1,19.14
3333,327,396,3,10.24
3334,903,317,4,38.45
3335,16,223,1,25.0
3336,269,703,2,59.53
3337,219,137,1,56.44
3338,1003,541,1,50.35
3339,918,806,1,75.9
3340,632,182,2,67.3
3341,288,506,3,45.31
3342,1078,558,5,45.56
3343,189,894,1,41.27
3344,1092,326,5,52.91
3345,342,25,4,40.98
3346,448,25,3,40.98
3347,239,391,3,66.85
3348,267,887,4,72.49
3349,343,898,4,76.39
3350,184,567,5,13.43
3351,211,10,5,79.96
3352,705,231,1,21.39
3353,88,20,1,44.01
3354,942,617,2,74.15
3355,664,66,2,67.3
3356,813,889,2,72.75
3357,320,200,5,31.93
3358,37,77,2,52.68
3359,920,33,2,21.44
3360,62,871,5,12.13
3361,187,853,5,47.15
3362,639,6,1,75.91
3363,568,398,5,23.01
3364,794,85,2,33.52
3365,826,37,4,28.83
3366,1015,147,4,55.1
3367,321,38,3,55.78
3368,747,50,5,47.35
3369,15,445,2,63.03
3370,719,235,2,57.33
3371,424,372,1,50.02
3372,230,412,2,25.2
3373,863,136,3,37.24
3374,140,37,3,28.83
3375,558,387,1,58.67
3376,994,251,1,15.27
3377,744,682,1,38.78
3378,693,103,2,48.81
3379,454,674,2,76.68
3380,61,606,4,46.47
3381,908,208,1,70.08
3382,307,301,1,62.71
3383,979,317,1,38.45
3384,413,347,5,54.79
3385,860,425,3,63.62
3386,490,243,5,43.54
3387,103,228,4,16.04
3388,462,677,5,10.96
3389,742,493,3,41.46
3390,411,227,5,18.15
3391,208,603,3,24.44
3392,1033,20,1,44.01
3393,57,815,5,38.31
3394,612,105,4,11.98
3395,291,699,4,78.7
3396,1000,370,1,62.57
3397,190,731,3,52.39
3398,882,532,2,16.64
3399,249,275,4,32.15
3400,743,6,1,75.91
3401,462,592,3,73.46
3402,759,889,3,72.75
3403,1047,734,3,52.92
3404,796,881,3,75.36
3405,331,61,1,78.18
3406,1029,109,5,27.37
3407,44,144,2,54.64
3408,347,3,1,60.37
3409,769,357,1,50.38
3410,1070,561,5,52.0
3411,15,416,1,22.37
3412,230,873,4,26.61
3413,715,34,4,57.79
3414,704,123,5,15.32
3415,331,400,4,18.75
3416,970,650,3,35.19
3417,43,288,4,34.16
3418,193,401,2,34.17
3419,298,690,5,65.33
3420,582,201,5,59.68
3421,884,355,4,77.19
3422,1023,804,2,40.29
3423,21,146,1,22.14
3424,527,866,5,18.68
3425,996,83,1,79.07
3426,466,393,3,57.39
3427,466,292,4,35.89
3428,772,771,3,70.68
3429,182,259,3,34.18
3430,293,740,4,49.73
3431,236,703,5,59.53
3432,897,303,3,30.3
3433,447,66,3,67.3
3434,745,595,3,63.81
3435,728,16,5,15.93
3436,105,51,2,32.42
3437,38,437,5,67.67
3438,717,313,4,56.07
3439,401,323,4,74.96
3440,521,139,4,60.57
3441,285,608,3,17.56
3442,417,423,1,54.26
3443,78,803,5,38.24
3444,51,580,5,12.84
3445,327,268,3,72.27
3446,117,661,5,67.31
3447,239,271,4,33.45
3448,609,453,1,49.17
3449,309,857,2,32.92
3450,857,7,4,61.0
3451,606,116,4,47.77
3452,122,804,4,40.29
3453,27,172,2,29.22
3454,744,174,3,14.14
3455,662,208,1,70.08
3456,386,261,1,52.32
3457,922,432,2,35.87
3458,383,560,1,25.48
3459,710,307,1,52.07
3460,1008,379,3,23.22
3461,65,99,4,11.91
3462,507,460,5,28.0
3463,75,360,5,69.94
3464,550,568,2,46.32
3465,233,457,2,34.67
3466,419,217,5,73.92
3467,832,634,1,76.52
3468,54,780,5,66.76
3469,336,821,5,24.91
3470,867,668,3,47.15
3471,889,112,2,41.96
3472,125,801,4,63.02
3473,584,396,3,10.24
3474,838,857,4,32.92
3475,771,266,4,23.85
3476,729,392,2,19.33
3477,678,49,5,64.84
3478,536,362,1,61.2
3479,160,665,3,30.61
3480,508,814,5,50.51
3481,318,365,4,80.0
3482,32,595,5,63.81
3483,350,527,4,77.42
3484,246,9,2,68.75
3485,1067,353,3,33.92
3486,220,257,2,70.18
3487,1083,693,2,56.36
3488,661,700,3,20.78
3489,289,12,2,23.36
3490,381,689,5,40.83
3491,839,346,5,59.95
3492,242,550,1,74.18
3493,1084,37,3,28.83
3494,381,543,2,13.65
3495,88,871,3,12.13
3496,399,16,4,15.93
3497,1002,225,1,39.12
3498,461,832,1,78.02
3499,465,576,5,38.98
3500,593,20,1,44.01
